Time,Accel1_X [m/s^2],Accel1_Y [m/s^2],Accel1_Z [m/s^2],Rotation1_X [rad/s],Rotation1_Y [rad/s],Rotation1_Z [rad/s],Accel2_X [m/s^2],Accel2_Y [m/s^2],Accel2_Z [m/s^2],Rotation2_X [rad/s],Rotation2_Y [rad/s],Rotation2_Z [rad/s]
2025-02-24 12:47:10.476,0.00,0.00,0.00,-0.06,-0.01,-0.02,,-4.69,-0.06,8.99,-0.02,-0.01,0.01
2025-02-24 12:47:10.518,0.02,0.02,0.02,-0.06,-0.01,-0.02,,-4.66,-0.05,8.99,-0.02,-0.02,0.02
2025-02-24 12:47:10.558,0.03,0.02,0.01,-0.06,-0.01,-0.02,,-4.55,0.03,8.94,-0.01,-0.02,0.01
2025-02-24 12:47:10.594,0.02,0.02,0.05,-0.06,-0.00,-0.02,,-4.73,-0.03,8.99,-0.02,-0.02,0.02
2025-02-24 12:47:10.630,0.04,0.01,0.02,-0.06,-0.01,-0.02,,-4.58,0.05,8.93,-0.02,-0.02,0.02
2025-02-24 12:47:10.662,0.03,0.00,0.03,-0.06,-0.01,-0.02,,-4.69,0.01,9.01,-0.01,-0.02,0.02
2025-02-24 12:47:10.697,0.02,0.01,0.01,-0.06,-0.00,-0.02,,-4.61,-0.02,8.97,-0.02,-0.02,0.01
2025-02-24 12:47:10.731,0.02,0.02,0.00,-0.06,-0.00,-0.02,,-4.74,-0.03,9.09,-0.02,-0.02,0.02
2025-02-24 12:47:10.768,0.03,0.03,0.02,-0.06,-0.00,-0.02,,-4.61,-0.03,9.01,-0.01,-0.02,0.02
2025-02-24 12:47:10.808,0.02,0.02,0.00,-0.06,-0.00,-0.02,,-4.69,0.03,8.98,-0.01,-0.02,0.02
2025-02-24 12:47:10.844,0.01,0.02,0.01,-0.06,-0.01,-0.02,,-4.70,-0.02,9.01,-0.02,-0.02,0.01
2025-02-24 12:47:10.880,0.00,0.02,0.04,-0.06,-0.00,-0.02,,-4.61,0.01,9.08,-0.02,-0.02,0.01
2025-02-24 12:47:10.915,-0.00,0.02,0.03,-0.06,-0.01,-0.02,,-4.71,-0.02,8.95,-0.02,-0.02,0.02
2025-02-24 12:47:10.948,0.00,0.00,0.04,-0.06,-0.00,-0.02,,-4.61,0.02,8.90,-0.02,-0.02,0.02
2025-02-24 12:47:10.981,0.01,0.00,0.01,-0.06,-0.01,-0.02,,-4.69,-0.03,9.04,-0.02,-0.02,0.01
2025-02-24 12:47:11.020,0.02,0.00,0.03,-0.06,-0.00,-0.02,,-4.63,0.03,8.96,-0.02,-0.02,0.01
2025-02-24 12:47:11.059,0.02,0.01,0.04,-0.06,-0.00,-0.02,,-4.70,-0.05,8.93,-0.01,-0.01,0.02
2025-02-24 12:47:11.094,0.03,0.01,0.06,-0.06,-0.00,-0.02,,-4.61,0.00,8.97,-0.02,-0.02,0.01
2025-02-24 12:47:11.130,0.04,0.01,0.01,-0.06,-0.00,-0.02,,-4.64,-0.01,8.98,-0.01,-0.02,0.01
2025-02-24 12:47:11.165,0.02,0.01,0.06,-0.06,-0.01,-0.02,,-4.62,-0.01,9.05,-0.02,-0.02,0.01
2025-02-24 12:47:11.199,0.00,0.01,0.02,-0.06,-0.01,-0.02,,-4.61,0.04,8.96,-0.02,-0.02,0.02
2025-02-24 12:47:11.232,0.00,0.03,0.02,-0.06,-0.00,-0.02,,-4.74,-0.02,9.02,-0.01,-0.02,0.02
2025-02-24 12:47:11.269,0.02,0.03,0.02,-0.06,-0.01,-0.02,,-4.57,0.04,9.01,-0.02,-0.02,0.01
2025-02-24 12:47:11.308,0.01,0.02,0.03,-0.06,-0.01,-0.02,,-4.70,0.01,9.06,-0.01,-0.02,0.01
2025-02-24 12:47:11.343,0.02,-0.01,0.01,-0.06,-0.01,-0.02,,-4.61,0.05,9.05,-0.01,-0.02,0.01
2025-02-24 12:47:11.375,0.01,0.00,0.02,-0.06,-0.00,-0.02,,-4.71,0.01,8.98,-0.01,-0.02,0.02
2025-02-24 12:47:11.409,0.01,0.01,0.02,-0.06,-0.01,-0.02,,-4.59,-0.03,8.94,-0.02,-0.02,0.02
2025-02-24 12:47:11.447,0.02,0.02,0.01,-0.06,-0.00,-0.02,,-4.68,0.01,9.07,-0.01,-0.02,0.02
2025-02-24 12:47:11.477,0.03,-0.01,0.04,-0.06,-0.01,-0.02,,-4.65,-0.01,8.95,-0.01,-0.02,0.01
2025-02-24 12:47:11.517,0.03,0.00,0.01,-0.06,-0.01,-0.02,,-4.61,0.03,9.01,-0.01,-0.02,0.02
2025-02-24 12:47:11.558,0.02,0.02,0.03,-0.06,-0.00,-0.02,,-4.71,-0.08,8.90,-0.01,-0.02,0.02
2025-02-24 12:47:11.595,0.01,0.00,0.02,-0.06,-0.01,-0.02,,-4.59,-0.00,8.99,-0.01,-0.02,0.01
2025-02-24 12:47:11.625,0.02,0.03,0.03,-0.06,-0.00,-0.02,,-4.75,-0.03,9.00,-0.02,-0.01,0.02
2025-02-24 12:47:11.659,0.01,0.01,0.00,-0.06,-0.01,-0.02,,-4.62,-0.00,8.98,-0.02,-0.02,0.01
2025-02-24 12:47:11.693,0.00,0.02,0.02,-0.06,-0.01,-0.02,,-4.69,-0.04,9.02,-0.02,-0.02,0.01
2025-02-24 12:47:11.725,0.02,0.03,0.02,-0.06,-0.01,-0.02,,-4.58,-0.01,8.99,-0.02,-0.02,0.02
2025-02-24 12:47:11.775,0.04,-0.00,0.01,-0.06,-0.00,-0.02,,-4.73,-0.03,9.06,-0.01,-0.02,0.02
2025-02-24 12:47:11.811,0.03,-0.00,0.04,-0.06,-0.00,-0.02,,-4.67,-0.07,9.04,-0.01,-0.02,0.02
2025-02-24 12:47:11.844,0.01,0.00,0.01,-0.06,-0.00,-0.02,,-4.67,0.03,8.96,-0.02,-0.02,0.02
2025-02-24 12:47:11.883,0.02,0.01,0.02,-0.06,-0.00,-0.02,,-4.72,-0.05,8.95,-0.02,-0.02,0.01
2025-02-24 12:47:11.910,0.02,0.01,0.02,-0.06,-0.01,-0.02,,-4.69,0.02,8.92,-0.01,-0.02,0.01
2025-02-24 12:47:11.943,0.02,0.00,0.01,-0.06,-0.00,-0.02,,-4.73,-0.04,9.01,-0.01,-0.02,0.02
2025-02-24 12:47:11.982,0.03,0.02,0.06,-0.06,-0.01,-0.02,,-4.60,0.02,8.98,-0.02,-0.02,0.01
2025-02-24 12:47:12.024,0.02,0.02,0.05,-0.06,-0.00,-0.02,,-4.73,-0.02,8.95,-0.01,-0.02,0.01
2025-02-24 12:47:12.059,0.03,0.02,0.03,-0.06,-0.00,-0.02,,-4.62,0.00,9.02,-0.01,-0.02,0.01
2025-02-24 12:47:12.093,0.01,0.02,0.00,-0.06,-0.00,-0.02,,-4.70,-0.04,8.96,-0.01,-0.02,0.01
2025-02-24 12:47:12.126,0.04,0.01,0.03,-0.06,-0.01,-0.02,,-4.71,-0.02,8.95,-0.02,-0.02,0.02
2025-02-24 12:47:12.161,0.02,0.00,0.01,-0.06,-0.01,-0.02,,-4.68,0.00,8.99,-0.02,-0.02,0.01
2025-02-24 12:47:12.193,0.03,0.01,0.03,-0.06,-0.01,-0.02,,-4.75,-0.06,9.06,-0.01,-0.02,0.02
2025-02-24 12:47:12.225,0.01,0.01,0.02,-0.06,-0.01,-0.02,,-4.57,0.00,8.99,-0.01,-0.02,0.02
2025-02-24 12:47:12.275,0.01,0.01,0.02,-0.06,-0.01,-0.02,,-4.73,-0.01,9.05,-0.02,-0.02,0.01
2025-02-24 12:47:12.310,0.00,0.01,0.02,-0.06,-0.01,-0.02,,-4.61,0.02,9.01,-0.02,-0.02,0.02
2025-02-24 12:47:12.346,0.00,0.02,0.01,-0.06,-0.01,-0.02,,-4.76,-0.01,8.84,-0.01,-0.02,0.01
2025-02-24 12:47:12.377,0.00,0.00,0.02,-0.06,-0.00,-0.02,,-4.63,-0.07,9.05,-0.01,-0.02,0.02
2025-02-24 12:47:12.411,0.01,0.01,0.04,-0.06,-0.01,-0.02,,-4.71,0.02,9.05,-0.02,-0.01,0.01
2025-02-24 12:47:12.449,0.01,0.01,0.03,-0.06,-0.00,-0.02,,-4.61,-0.03,8.99,-0.02,-0.02,0.01
2025-02-24 12:47:12.477,0.01,0.00,0.02,-0.06,-0.00,-0.02,,-4.57,-0.01,9.01,-0.02,-0.02,0.02
2025-02-24 12:47:12.525,0.04,0.00,0.05,-0.06,-0.00,-0.02,,-4.69,-0.04,9.02,-0.02,-0.02,0.02
2025-02-24 12:47:12.559,0.04,0.02,0.03,-0.06,-0.01,-0.02,,-4.55,-0.01,9.02,-0.01,-0.02,0.01
2025-02-24 12:47:12.593,0.04,0.02,0.01,-0.06,-0.01,-0.02,,-4.75,-0.03,9.02,-0.02,-0.02,0.01
2025-02-24 12:47:12.626,0.03,0.00,0.02,-0.06,-0.00,-0.02,,-4.60,-0.01,9.01,-0.02,-0.02,0.02
2025-02-24 12:47:12.659,0.02,0.01,0.01,-0.06,-0.00,-0.02,,-4.82,-0.08,9.00,-0.02,-0.02,0.01
2025-02-24 12:47:12.693,0.02,0.03,0.01,-0.06,-0.00,-0.02,,-4.59,0.04,9.00,-0.02,-0.01,0.01
2025-02-24 12:47:12.741,0.03,0.03,0.06,-0.06,-0.00,-0.02,,-4.70,-0.00,9.02,-0.02,-0.01,0.02
2025-02-24 12:47:12.776,0.01,0.02,0.05,-0.06,-0.00,-0.02,,-4.68,-0.01,9.00,-0.02,-0.01,0.01
2025-02-24 12:47:12.811,0.00,0.00,0.03,-0.06,-0.00,-0.02,,-4.61,-0.00,9.02,-0.02,-0.02,0.02
2025-02-24 12:47:12.844,0.03,0.01,0.04,-0.06,-0.00,-0.02,,-4.72,-0.10,9.08,-0.02,-0.02,0.02
2025-02-24 12:47:12.877,0.02,0.03,0.02,-0.06,-0.01,-0.02,,-4.63,0.06,8.97,-0.02,-0.02,0.01
2025-02-24 12:47:12.920,0.01,0.01,0.02,-0.06,-0.01,-0.02,,-4.74,-0.07,8.99,-0.01,-0.02,0.02
2025-02-24 12:47:12.944,0.03,0.01,0.04,-0.06,-0.00,-0.02,,-4.67,-0.04,9.01,-0.01,-0.02,0.01
2025-02-24 12:47:12.991,0.02,0.01,0.05,-0.06,-0.00,-0.02,,-4.76,-0.04,8.95,-0.01,-0.01,0.02
2025-02-24 12:47:13.026,0.03,0.01,0.04,-0.06,-0.00,-0.02,,-4.67,-0.02,9.05,-0.01,-0.02,0.02
2025-02-24 12:47:13.059,0.01,-0.00,0.03,-0.06,-0.00,-0.02,,-4.71,-0.02,9.04,-0.01,-0.02,0.01
2025-02-24 12:47:13.093,0.02,0.01,0.01,-0.06,-0.00,-0.02,,-4.69,-0.07,8.98,-0.01,-0.02,0.02
2025-02-24 12:47:13.127,0.02,0.02,0.02,-0.06,-0.01,-0.02,,-4.65,-0.04,8.97,-0.02,-0.02,0.01
2025-02-24 12:47:13.170,0.02,0.01,0.04,-0.06,-0.01,-0.02,,-4.70,-0.06,8.99,-0.01,-0.02,0.02
2025-02-24 12:47:13.208,0.01,0.00,0.05,-0.06,-0.00,-0.02,,-4.61,-0.01,8.99,-0.01,-0.02,0.02
2025-02-24 12:47:13.244,0.02,0.00,0.02,-0.06,-0.00,-0.02,,-4.70,-0.02,9.03,-0.02,-0.02,0.01
2025-02-24 12:47:13.276,-0.00,0.02,0.02,-0.06,-0.00,-0.02,,-4.56,0.04,9.05,-0.02,-0.02,0.01
2025-02-24 12:47:13.310,0.02,0.04,0.03,-0.06,-0.00,-0.02,,-4.68,-0.07,9.02,-0.01,-0.02,0.01
2025-02-24 12:47:13.344,0.00,0.00,0.01,-0.06,-0.01,-0.02,,-4.62,-0.07,9.03,-0.02,-0.02,0.02
2025-02-24 12:47:13.383,0.02,0.01,0.04,-0.06,-0.01,-0.02,,-4.63,0.04,8.99,-0.02,-0.02,0.01
2025-02-24 12:47:13.418,0.03,0.00,0.04,-0.06,-0.01,-0.02,,-4.63,-0.05,9.01,-0.02,-0.02,0.01
2025-02-24 12:47:13.459,0.02,0.02,0.04,-0.06,-0.01,-0.02,,-4.62,0.01,9.01,-0.02,-0.02,0.02
2025-02-24 12:47:13.493,0.01,0.01,0.02,-0.06,-0.00,-0.02,,-4.64,0.01,9.03,-0.02,-0.02,0.02
2025-02-24 12:47:13.526,0.00,0.01,-0.01,-0.06,-0.01,-0.02,,-4.53,-0.01,8.98,-0.02,-0.02,0.02
2025-02-24 12:47:13.560,0.01,0.02,-0.01,-0.06,-0.00,-0.02,,-4.73,-0.06,8.97,-0.01,-0.02,0.02
2025-02-24 12:47:13.593,0.03,0.02,0.02,-0.06,-0.00,-0.02,,-4.54,0.03,9.06,-0.01,-0.02,0.02
2025-02-24 12:47:13.626,0.01,0.01,0.02,-0.06,-0.00,-0.02,,-4.78,-0.11,8.95,-0.01,-0.02,0.01
2025-02-24 12:47:13.673,0.00,0.01,0.01,-0.06,-0.00,-0.02,,-4.61,-0.09,9.01,-0.02,-0.01,0.01
2025-02-24 12:47:13.710,0.01,0.02,-0.00,-0.06,-0.01,-0.02,,-4.68,0.01,8.98,-0.01,-0.02,0.01
2025-02-24 12:47:13.744,0.01,0.02,0.04,-0.06,-0.00,-0.02,,-4.59,-0.03,9.00,-0.01,-0.02,0.02
2025-02-24 12:47:13.776,0.03,0.02,0.01,-0.06,-0.01,-0.02,,-4.60,0.01,9.03,-0.02,-0.02,0.01
2025-02-24 12:47:13.810,0.00,0.03,0.00,-0.06,-0.01,-0.02,,-4.69,-0.03,9.00,-0.02,-0.02,0.02
2025-02-24 12:47:13.844,0.00,0.03,0.01,-0.06,-0.01,-0.02,,-4.63,0.02,9.02,-0.01,-0.02,0.02
2025-02-24 12:47:13.878,0.02,0.01,0.02,-0.06,-0.01,-0.02,,-4.77,-0.06,9.04,-0.02,-0.02,0.02
2025-02-24 12:47:13.918,0.01,0.02,0.00,-0.06,-0.01,-0.02,,-4.57,0.01,9.00,-0.02,-0.02,0.02
2025-02-24 12:47:13.959,0.02,0.02,0.02,-0.06,-0.00,-0.02,,-4.72,-0.04,9.04,-0.02,-0.02,0.01
2025-02-24 12:47:13.993,0.02,0.00,0.01,-0.06,-0.00,-0.02,,-4.63,0.01,9.07,-0.02,-0.02,0.02
2025-02-24 12:47:14.026,0.01,-0.00,0.05,-0.06,-0.01,-0.02,,-4.66,-0.03,9.06,-0.01,-0.02,0.01
2025-02-24 12:47:14.068,0.02,0.02,0.03,-0.06,-0.00,-0.02,,-4.67,-0.05,9.00,-0.02,-0.02,0.01
2025-02-24 12:47:14.092,0.02,0.00,0.04,-0.06,-0.01,-0.02,,-4.65,0.01,9.01,-0.02,-0.02,0.02
2025-02-24 12:47:14.140,0.04,-0.01,0.05,-0.06,-0.01,-0.02,,-4.73,-0.06,8.96,-0.01,-0.02,0.02
2025-02-24 12:47:14.175,0.02,0.01,0.01,-0.06,-0.01,-0.02,,-4.62,-0.05,8.93,-0.02,-0.02,0.02
2025-02-24 12:47:14.209,0.01,0.01,0.01,-0.06,-0.01,-0.02,,-4.73,-0.03,8.95,-0.02,-0.02,0.02
2025-02-24 12:47:14.244,0.02,0.00,0.01,-0.06,-0.00,-0.02,,-4.58,0.06,9.06,-0.02,-0.02,0.02
2025-02-24 12:47:14.278,0.03,0.00,0.01,-0.06,-0.00,-0.02,,-4.66,-0.02,9.03,-0.02,-0.02,0.01
2025-02-24 12:47:14.310,0.00,0.01,0.03,-0.06,-0.01,-0.02,,-4.61,0.00,8.98,-0.01,-0.02,0.01
2025-02-24 12:47:14.344,0.00,0.02,0.05,-0.06,-0.00,-0.02,,-4.75,0.02,8.95,-0.02,-0.02,0.02
2025-02-24 12:47:14.391,0.00,-0.01,-0.01,-0.06,-0.00,-0.02,,-4.64,-0.01,9.04,-0.02,-0.02,0.02
2025-02-24 12:47:14.426,-0.00,-0.01,0.01,-0.06,-0.00,-0.02,,-4.69,-0.03,9.05,-0.02,-0.02,0.02
2025-02-24 12:47:14.460,0.02,0.01,0.03,-0.06,-0.00,-0.02,,-4.63,-0.02,8.95,-0.02,-0.02,0.02
2025-02-24 12:47:14.493,0.03,0.00,0.04,-0.06,-0.00,-0.02,,-4.68,-0.02,9.04,-0.02,-0.02,0.02
2025-02-24 12:47:14.526,0.01,0.00,0.04,-0.06,-0.00,-0.02,,-4.72,-0.01,9.05,-0.01,-0.01,0.01
2025-02-24 12:47:14.569,0.02,0.02,0.03,-0.06,-0.00,-0.02,,-4.60,0.02,9.03,-0.02,-0.02,0.02
2025-02-24 12:47:14.607,0.02,0.02,0.04,-0.06,-0.00,-0.02,,-4.65,-0.03,8.99,-0.01,-0.02,0.02
2025-02-24 12:47:14.642,0.01,0.03,0.01,-0.06,-0.01,-0.02,,-4.59,-0.03,8.98,-0.02,-0.02,0.02
2025-02-24 12:47:14.677,0.02,0.03,0.00,-0.06,-0.00,-0.02,,-4.71,0.01,8.96,-0.02,-0.02,0.01
2025-02-24 12:47:14.711,0.02,0.01,0.05,-0.06,-0.00,-0.02,,-4.58,-0.06,8.96,-0.01,-0.02,0.01
2025-02-24 12:47:14.744,0.01,0.01,0.02,-0.06,-0.00,-0.02,,-4.57,0.04,9.00,-0.02,-0.02,0.02
2025-02-24 12:47:14.782,0.00,0.01,0.04,-0.06,-0.01,-0.02,,-4.66,0.01,8.99,-0.02,-0.02,0.01
2025-02-24 12:47:14.817,-0.01,0.01,0.02,-0.06,-0.00,-0.02,,-4.56,0.03,8.96,-0.02,-0.02,0.02
2025-02-24 12:47:14.844,0.02,0.00,0.03,-0.06,-0.00,-0.02,,-4.72,-0.06,8.99,-0.01,-0.02,0.02
2025-02-24 12:47:14.892,0.02,0.02,0.03,-0.06,-0.00,-0.02,,-4.56,-0.01,9.01,-0.01,-0.02,0.01
2025-02-24 12:47:14.926,0.02,0.00,0.01,-0.06,-0.01,-0.02,,-4.69,-0.06,8.99,-0.01,-0.02,0.01
2025-02-24 12:47:14.960,0.04,0.01,0.01,-0.06,-0.00,-0.02,,-4.67,-0.02,9.01,-0.01,-0.02,0.01
2025-02-24 12:47:14.993,0.02,0.02,0.03,-0.06,-0.01,-0.02,,-4.72,-0.02,9.05,-0.02,-0.01,0.02
2025-02-24 12:47:15.026,0.02,0.02,0.04,-0.06,-0.00,-0.02,,-4.69,0.00,8.90,-0.02,-0.02,0.01
2025-02-24 12:47:15.070,0.02,0.02,0.03,-0.06,-0.01,-0.02,,-4.68,0.01,9.04,-0.01,-0.02,0.02
2025-02-24 12:47:15.108,0.02,-0.00,0.04,-0.06,-0.00,-0.02,,-4.74,-0.03,9.02,-0.01,-0.02,0.01
2025-02-24 12:47:15.142,0.02,0.00,0.05,-0.06,-0.00,-0.02,,-4.67,-0.07,9.00,-0.01,-0.02,0.02
2025-02-24 12:47:15.179,0.04,-0.00,0.03,-0.06,-0.01,-0.02,,-4.74,-0.03,9.00,-0.02,-0.02,0.01
2025-02-24 12:47:15.215,0.02,0.02,0.04,-0.06,-0.00,-0.02,,-4.60,-0.00,9.01,-0.01,-0.02,0.01
2025-02-24 12:47:15.243,0.02,0.01,0.04,-0.06,-0.00,-0.02,,-4.71,-0.01,9.03,-0.01,-0.02,0.01
2025-02-24 12:47:15.278,0.02,0.01,-0.02,-0.06,-0.01,-0.02,,-4.59,0.01,9.14,-0.01,-0.02,0.02
2025-02-24 12:47:15.324,0.02,-0.00,-0.00,-0.06,-0.01,-0.02,,-4.66,-0.01,8.99,-0.02,-0.02,0.02
2025-02-24 12:47:15.360,0.03,-0.00,-0.00,-0.06,-0.01,-0.02,,-4.67,-0.07,9.02,-0.02,-0.02,0.02
2025-02-24 12:47:15.393,0.03,0.02,0.05,-0.06,-0.00,-0.02,,-4.69,-0.02,9.05,-0.01,-0.02,0.02
2025-02-24 12:47:15.427,0.01,0.02,0.03,-0.06,-0.00,-0.02,,-4.70,-0.00,8.99,-0.01,-0.02,0.02
2025-02-24 12:47:15.460,0.01,0.01,0.02,-0.06,-0.00,-0.02,,-4.65,0.03,9.01,-0.02,-0.01,0.02
2025-02-24 12:47:15.494,-0.00,0.02,0.05,-0.06,-0.01,-0.02,,-4.77,-0.01,9.01,-0.01,-0.02,0.02
2025-02-24 12:47:15.542,0.03,0.01,0.00,-0.06,-0.01,-0.02,,-4.55,-0.01,9.04,-0.02,-0.02,0.01
2025-02-24 12:47:15.576,0.02,0.03,0.02,-0.06,-0.01,-0.02,,-4.70,-0.05,9.09,-0.01,-0.02,0.02
2025-02-24 12:47:15.610,0.02,0.01,0.02,-0.06,-0.01,-0.02,,-4.59,0.02,8.97,-0.01,-0.02,0.02
2025-02-24 12:47:15.643,0.01,0.00,0.00,-0.06,-0.01,-0.02,,-4.69,-0.05,8.95,-0.01,-0.02,0.02
2025-02-24 12:47:15.676,0.00,0.03,0.05,-0.06,-0.00,-0.02,,-4.62,0.00,9.00,-0.02,-0.02,0.02
2025-02-24 12:47:15.710,0.02,0.02,0.03,-0.06,-0.00,-0.02,,-4.63,-0.01,9.07,-0.02,-0.02,0.02
2025-02-24 12:47:15.744,0.02,0.01,0.02,-0.06,-0.00,-0.02,,-4.66,-0.06,9.04,-0.01,-0.02,0.01
2025-02-24 12:47:15.792,0.04,0.01,0.01,-0.06,-0.00,-0.02,,-4.57,-0.00,8.98,-0.01,-0.02,0.02
2025-02-24 12:47:15.826,0.01,0.00,0.04,-0.06,-0.00,-0.02,,-4.71,-0.02,9.01,-0.02,-0.01,0.02
2025-02-24 12:47:15.860,0.02,0.00,0.02,-0.06,-0.01,-0.02,,-4.60,-0.02,8.97,-0.02,-0.01,0.02
2025-02-24 12:47:15.893,0.01,0.00,0.03,-0.06,-0.00,-0.02,,-4.74,-0.09,8.96,-0.02,-0.02,0.01
2025-02-24 12:47:15.925,0.02,-0.00,0.04,-0.06,-0.00,-0.02,,-4.62,-0.00,8.99,-0.02,-0.02,0.02
2025-02-24 12:47:15.966,0.01,0.02,0.01,-0.06,-0.00,-0.02,,-4.73,0.03,9.00,-0.02,-0.01,0.01
2025-02-24 12:47:16.008,0.01,0.01,0.02,-0.06,-0.00,-0.02,,-4.63,-0.01,8.92,-0.02,-0.02,0.01
2025-02-24 12:47:16.044,0.02,0.02,0.02,-0.06,-0.00,-0.02,,-4.69,-0.03,9.07,-0.01,-0.02,0.01
2025-02-24 12:47:16.076,0.01,0.01,0.03,-0.06,-0.00,-0.02,,-4.69,-0.04,8.97,-0.02,-0.02,0.02
2025-02-24 12:47:16.110,0.01,0.02,0.01,-0.06,-0.00,-0.02,,-4.66,-0.00,9.04,-0.01,-0.02,0.02
2025-02-24 12:47:16.143,0.02,0.00,0.01,-0.06,-0.01,-0.02,,-4.71,-0.09,8.92,-0.01,-0.02,0.02
2025-02-24 12:47:16.183,0.00,0.01,0.03,-0.06,-0.00,-0.02,,-4.60,-0.03,8.93,-0.02,-0.02,0.02
2025-02-24 12:47:16.220,0.02,0.01,0.04,-0.06,-0.00,-0.02,,-4.72,0.00,8.99,-0.01,-0.02,0.01
2025-02-24 12:47:16.258,0.02,0.02,0.00,-0.06,-0.01,-0.02,,-4.63,0.02,9.03,-0.01,-0.02,0.02
2025-02-24 12:47:16.294,0.03,0.01,0.03,-0.06,-0.01,-0.02,,-4.72,-0.06,8.91,-0.01,-0.02,0.02
2025-02-24 12:47:16.326,0.02,0.01,0.04,-0.06,-0.00,-0.02,,-4.61,-0.08,9.04,-0.02,-0.02,0.02
2025-02-24 12:47:16.360,0.03,0.01,0.01,-0.06,-0.00,-0.02,,-4.71,-0.01,9.02,-0.02,-0.01,0.02
2025-02-24 12:47:16.393,0.02,0.01,-0.00,-0.06,-0.00,-0.02,,-4.72,-0.08,9.05,-0.02,-0.02,0.02
2025-02-24 12:47:16.426,0.01,0.03,0.02,-0.06,-0.01,-0.02,,-4.61,0.03,8.97,-0.02,-0.02,0.01
2025-02-24 12:47:16.474,0.01,0.04,0.03,-0.06,-0.01,-0.02,,-4.73,-0.05,8.94,-0.01,-0.02,0.02
2025-02-24 12:47:16.510,0.01,-0.00,0.03,-0.06,-0.00,-0.02,,-4.57,0.02,8.99,-0.01,-0.02,0.02
2025-02-24 12:47:16.543,0.00,0.00,0.05,-0.06,-0.00,-0.02,,-4.68,-0.04,9.05,-0.02,-0.02,0.01
2025-02-24 12:47:16.577,0.01,0.01,0.03,-0.06,-0.00,-0.02,,-4.62,0.00,9.06,-0.02,-0.02,0.01
2025-02-24 12:47:16.609,0.01,0.03,0.03,-0.06,-0.00,-0.02,,-4.74,0.00,8.92,-0.02,-0.02,0.01
2025-02-24 12:47:16.644,0.03,0.03,0.01,-0.06,-0.00,-0.02,,-4.59,-0.02,8.94,-0.02,-0.02,0.02
2025-02-24 12:47:16.677,0.02,0.02,0.03,-0.06,-0.00,-0.02,,-4.66,-0.00,9.13,-0.01,-0.02,0.02
2025-02-24 12:47:16.724,0.01,0.01,0.03,-0.06,-0.01,-0.02,,-4.63,-0.01,9.00,-0.02,-0.02,0.01
2025-02-24 12:47:16.760,0.02,0.01,0.07,-0.06,-0.00,-0.02,,-4.61,-0.02,9.04,-0.02,-0.02,0.02
2025-02-24 12:47:16.791,0.03,0.02,0.03,-0.06,-0.00,-0.02,,-4.69,0.04,9.04,-0.02,-0.02,0.02
2025-02-24 12:47:16.830,0.02,0.00,0.03,-0.06,-0.00,-0.02,,-4.57,0.05,9.07,-0.02,-0.02,0.01
2025-02-24 12:47:16.859,0.01,0.02,0.04,-0.06,-0.00,-0.02,,-4.75,-0.06,8.96,-0.01,-0.01,0.02
2025-02-24 12:47:16.894,0.00,0.02,0.06,-0.06,-0.00,-0.02,,-4.60,-0.06,9.00,-0.01,-0.02,0.01
2025-02-24 12:47:16.928,0.01,0.00,0.04,-0.06,-0.00,-0.02,,-4.75,-0.04,8.96,-0.02,-0.02,0.01
2025-02-24 12:47:16.974,0.02,0.01,0.03,-0.06,-0.00,-0.02,,-4.68,-0.00,9.00,-0.01,-0.02,0.02
2025-02-24 12:47:17.010,0.03,0.02,0.03,-0.06,-0.00,-0.02,,-4.58,0.00,8.98,-0.02,-0.02,0.02
2025-02-24 12:47:17.045,0.01,0.00,0.02,-0.06,-0.01,-0.02,,-4.66,-0.06,9.00,-0.01,-0.02,0.02
2025-02-24 12:47:17.076,0.00,0.00,0.00,-0.06,-0.00,-0.02,,-4.58,-0.02,9.04,-0.01,-0.02,0.02
2025-02-24 12:47:17.110,0.02,-0.01,0.03,-0.06,-0.01,-0.02,,-4.73,-0.01,9.04,-0.01,-0.02,0.01
2025-02-24 12:47:17.144,0.04,-0.01,0.02,-0.06,-0.00,-0.02,,-4.53,0.01,8.94,-0.01,-0.02,0.02
2025-02-24 12:47:17.191,0.01,0.01,0.02,-0.06,-0.01,-0.02,,-4.79,-0.03,9.03,-0.01,-0.02,0.01
2025-02-24 12:47:17.227,0.01,-0.00,0.02,-0.06,-0.01,-0.02,,-4.65,0.01,9.01,-0.02,-0.02,0.02
2025-02-24 12:47:17.260,0.00,0.01,0.03,-0.06,-0.01,-0.02,,-4.65,-0.02,9.05,-0.02,-0.02,0.01
2025-02-24 12:47:17.293,0.02,0.01,0.04,-0.06,-0.01,-0.02,,-4.59,-0.01,8.92,-0.02,-0.02,0.02
2025-02-24 12:47:17.326,0.02,0.02,0.05,-0.06,-0.01,-0.02,,-4.70,-0.08,8.98,-0.02,-0.02,0.01
2025-02-24 12:47:17.370,0.03,0.03,0.01,-0.06,-0.00,-0.02,,-4.66,-0.07,9.01,-0.02,-0.02,0.01
2025-02-24 12:47:17.406,0.00,0.03,0.02,-0.06,-0.01,-0.02,,-4.70,0.04,8.96,-0.01,-0.02,0.02
2025-02-24 12:47:17.441,0.02,0.03,0.02,-0.06,-0.01,-0.02,,-4.70,-0.02,8.91,-0.02,-0.02,0.02
2025-02-24 12:47:17.476,0.02,0.02,0.03,-0.06,-0.00,-0.02,,-4.54,0.01,9.00,-0.01,-0.02,0.01
2025-02-24 12:47:17.510,0.02,0.02,0.05,-0.06,-0.00,-0.02,,-4.80,-0.08,8.97,-0.02,-0.02,0.01
2025-02-24 12:47:17.544,0.01,0.02,-0.00,-0.06,-0.00,-0.02,,-4.58,0.03,9.00,-0.02,-0.02,0.02
2025-02-24 12:47:17.577,0.02,0.01,0.01,-0.06,-0.00,-0.02,,-4.69,0.01,9.02,-0.01,-0.02,0.01
2025-02-24 12:47:17.613,0.01,0.00,0.03,-0.06,-0.00,-0.02,,-4.61,0.04,9.10,-0.02,-0.02,0.02
2025-02-24 12:47:17.644,0.01,0.02,0.02,-0.06,-0.00,-0.02,,-4.66,-0.02,9.05,-0.02,-0.02,0.01
2025-02-24 12:47:17.691,0.00,0.01,0.02,-0.06,-0.00,-0.02,,-4.62,0.01,9.01,-0.02,-0.02,0.01
2025-02-24 12:47:17.727,0.01,-0.00,0.05,-0.06,-0.00,-0.02,,-4.61,0.01,9.05,-0.02,-0.02,0.02
2025-02-24 12:47:17.761,0.01,0.00,0.01,-0.06,-0.00,-0.02,,-4.66,-0.05,8.96,-0.02,-0.02,0.01
2025-02-24 12:47:17.798,0.02,0.00,0.03,-0.06,-0.00,-0.02,,-4.58,0.00,8.93,-0.02,-0.02,0.01
2025-02-24 12:47:17.834,0.02,0.01,0.02,-0.06,-0.00,-0.02,,-4.74,-0.05,9.03,-0.02,-0.01,0.02
2025-02-24 12:47:17.868,0.00,0.03,0.02,-0.06,-0.00,-0.02,,-4.63,-0.04,8.98,-0.01,-0.02,0.02
2025-02-24 12:47:17.896,0.02,0.01,0.02,-0.06,-0.00,-0.02,,-4.70,-0.06,8.96,-0.02,-0.02,0.01
2025-02-24 12:47:17.942,0.02,-0.00,0.04,-0.06,-0.00,-0.02,,-4.59,0.02,8.90,-0.02,-0.02,0.02
2025-02-24 12:47:17.977,0.03,0.02,0.02,-0.06,-0.00,-0.02,,-4.61,0.02,9.09,-0.02,-0.02,0.01
2025-02-24 12:47:18.013,0.01,0.01,0.01,-0.06,-0.00,-0.02,,-4.60,-0.02,9.00,-0.01,-0.02,0.01
2025-02-24 12:47:18.049,0.01,0.00,0.03,-0.06,-0.00,-0.02,,-4.57,0.02,9.02,-0.01,-0.02,0.02
2025-02-24 12:47:18.083,0.02,0.01,0.03,-0.06,-0.00,-0.02,,-4.72,-0.08,8.94,-0.01,-0.02,0.01
2025-02-24 12:47:18.111,0.02,0.01,0.03,-0.06,-0.00,-0.02,,-4.63,0.01,9.02,-0.02,-0.02,0.01
2025-02-24 12:47:18.144,0.02,0.02,0.02,-0.06,-0.00,-0.02,,-4.76,-0.04,9.06,-0.01,-0.02,0.01
2025-02-24 12:47:18.192,0.01,0.02,0.04,-0.06,-0.00,-0.02,,-4.60,0.05,8.99,-0.01,-0.02,0.02
2025-02-24 12:47:18.226,0.01,-0.00,0.06,-0.06,-0.00,-0.02,,-4.75,-0.01,8.93,-0.01,-0.02,0.01
2025-02-24 12:47:18.259,0.00,0.02,0.04,-0.06,-0.00,-0.02,,-4.64,-0.06,8.98,-0.01,-0.02,0.02
2025-02-24 12:47:18.298,0.01,0.03,0.00,-0.06,-0.00,-0.02,,-4.73,-0.04,9.04,-0.02,-0.02,0.02
2025-02-24 12:47:18.329,-0.01,0.03,0.01,-0.06,-0.01,-0.02,,-4.67,-0.01,9.01,-0.01,-0.02,0.02
2025-02-24 12:47:18.370,0.01,0.04,0.01,-0.06,-0.01,-0.02,,-4.70,0.04,9.03,-0.02,-0.01,0.02
2025-02-24 12:47:18.397,0.01,0.02,0.00,-0.06,-0.01,-0.02,,-4.76,0.02,8.98,-0.02,-0.02,0.01
2025-02-24 12:47:18.442,0.02,0.00,0.03,-0.06,-0.00,-0.02,,-4.61,0.05,8.97,-0.02,-0.02,0.01
2025-02-24 12:47:18.478,0.02,0.00,0.03,-0.06,-0.00,-0.02,,-4.74,-0.04,8.99,-0.01,-0.01,0.02
2025-02-24 12:47:18.509,0.03,0.02,0.03,-0.06,-0.01,-0.02,,-4.60,-0.02,8.98,-0.01,-0.02,0.02
2025-02-24 12:47:18.542,0.03,0.02,0.01,-0.06,-0.01,-0.02,,-4.70,-0.02,8.96,-0.02,-0.02,0.02
2025-02-24 12:47:18.575,0.02,0.00,0.03,-0.06,-0.00,-0.02,,-4.64,-0.03,9.00,-0.01,-0.02,0.02
2025-02-24 12:47:18.616,0.01,0.02,0.05,-0.06,-0.01,-0.02,,-4.64,-0.03,8.96,-0.01,-0.02,0.02
2025-02-24 12:47:18.658,0.01,0.01,0.05,-0.06,-0.01,-0.02,,-4.68,0.00,8.99,-0.02,-0.02,0.02
2025-02-24 12:47:18.692,0.05,0.02,0.00,-0.06,-0.01,-0.02,,-4.67,0.01,9.00,-0.02,-0.02,0.01
2025-02-24 12:47:18.727,0.03,0.03,-0.00,-0.06,-0.01,-0.02,,-4.70,-0.02,9.02,-0.02,-0.02,0.02
2025-02-24 12:47:18.762,0.00,0.02,0.05,-0.06,-0.00,-0.02,,-4.59,-0.01,9.04,-0.02,-0.02,0.02
2025-02-24 12:47:18.792,-0.00,0.01,0.03,-0.06,-0.01,-0.02,,-4.75,-0.03,9.05,-0.01,-0.01,0.01
2025-02-24 12:47:18.825,0.02,0.01,0.04,-0.06,-0.00,-0.02,,-4.56,0.00,9.00,-0.01,-0.02,0.01
2025-02-24 12:47:18.867,0.03,0.01,0.03,-0.06,-0.01,-0.02,,-4.72,-0.00,9.00,-0.01,-0.02,0.02
2025-02-24 12:47:18.908,0.00,0.03,0.03,-0.06,-0.01,-0.02,,-4.60,0.01,9.05,-0.02,-0.02,0.02
2025-02-24 12:47:18.943,0.03,0.01,0.03,-0.06,-0.01,-0.02,,-4.71,-0.05,8.87,-0.01,-0.02,0.01
2025-02-24 12:47:18.976,0.01,0.04,0.03,-0.06,-0.01,-0.02,,-4.61,-0.03,8.95,-0.01,-0.02,0.02
2025-02-24 12:47:19.010,0.02,0.03,0.04,-0.06,-0.01,-0.02,,-4.58,0.02,9.00,-0.01,-0.02,0.02
2025-02-24 12:47:19.050,0.02,0.02,0.02,-0.06,-0.00,-0.02,,-4.69,-0.02,8.92,-0.02,-0.02,0.02
2025-02-24 12:47:19.088,0.02,0.01,0.04,-0.06,-0.00,-0.02,,-4.65,0.00,8.95,-0.01,-0.02,0.01
2025-02-24 12:47:19.120,0.01,0.02,0.05,-0.06,-0.00,-0.02,,-4.70,-0.12,9.00,-0.01,-0.02,0.01
2025-02-24 12:47:19.158,0.01,0.01,0.05,-0.06,-0.01,-0.02,,-4.58,-0.01,9.04,-0.01,-0.02,0.01
2025-02-24 12:47:19.193,0.02,0.01,0.00,-0.06,-0.01,-0.02,,-4.76,-0.06,9.01,-0.01,-0.02,0.01
2025-02-24 12:47:19.226,0.04,0.01,0.04,-0.06,-0.00,-0.02,,-4.61,-0.00,9.11,-0.02,-0.02,0.02
2025-02-24 12:47:19.260,0.01,-0.01,0.05,-0.06,-0.00,-0.02,,-4.70,-0.02,9.08,-0.02,-0.02,0.02
2025-02-24 12:47:19.293,0.02,0.00,0.04,-0.06,-0.00,-0.02,,-4.64,-0.02,8.99,-0.02,-0.02,0.02
2025-02-24 12:47:19.326,0.01,-0.01,0.06,-0.05,-0.00,-0.02,,-4.70,-0.03,9.02,-0.02,-0.02,0.02
2025-02-24 12:47:19.376,0.03,0.02,0.04,-0.05,-0.00,-0.02,,-4.67,-0.05,8.94,-0.01,-0.02,0.01
2025-02-24 12:47:19.411,0.00,0.01,0.02,-0.05,-0.00,-0.02,,-4.69,-0.01,9.01,-0.02,-0.02,0.01
2025-02-24 12:47:19.444,-0.00,0.00,0.04,-0.05,-0.00,-0.02,,-4.70,-0.10,8.99,-0.02,-0.02,0.02
2025-02-24 12:47:19.483,0.00,0.02,0.01,-0.06,-0.00,-0.02,,-4.57,0.03,9.00,-0.01,-0.02,0.02
2025-02-24 12:47:19.511,0.02,0.02,0.03,-0.06,-0.00,-0.02,,-4.71,0.00,9.06,-0.02,-0.02,0.02
2025-02-24 12:47:19.555,0.02,0.02,0.05,-0.06,-0.00,-0.02,,-4.65,-0.00,9.12,-0.01,-0.02,0.02
2025-02-24 12:47:19.591,0.01,0.05,0.00,-0.06,-0.00,-0.02,,-4.73,-0.03,9.03,-0.02,-0.04,0.02
2025-02-24 12:47:19.627,0.01,0.02,0.01,-0.06,-0.01,-0.02,,-4.69,-0.08,8.94,-0.02,-0.01,0.02
2025-02-24 12:47:19.660,0.01,0.03,0.02,-0.06,-0.01,-0.02,,-4.61,0.04,8.90,-0.02,-0.02,0.02
2025-02-24 12:47:19.694,0.02,0.03,0.02,-0.07,-0.01,-0.02,,-4.71,-0.09,8.92,-0.02,-0.02,0.02
2025-02-24 12:47:19.729,0.01,0.03,0.02,-0.07,-0.01,-0.02,,-4.64,-0.01,8.97,-0.02,-0.02,0.02
2025-02-24 12:47:19.770,0.02,0.02,0.02,-0.07,-0.01,-0.02,,-4.75,-0.00,9.03,-0.02,-0.02,0.02
2025-02-24 12:47:19.793,0.03,0.01,0.03,-0.07,-0.01,-0.02,,-4.57,0.05,9.01,-0.01,-0.02,0.02
2025-02-24 12:47:19.841,0.03,0.00,0.00,-0.07,-0.01,-0.02,,-4.62,0.01,9.00,-0.01,-0.02,0.01
2025-02-24 12:47:19.877,0.01,0.01,0.01,-0.07,-0.01,-0.02,,-4.56,-0.01,9.10,-0.01,-0.01,0.02
2025-02-24 12:47:19.911,0.02,0.00,0.03,-0.07,-0.01,-0.02,,-4.71,0.03,9.01,-0.01,-0.01,0.01
2025-02-24 12:47:19.943,0.02,0.03,0.03,-0.07,-0.01,-0.02,,-4.67,0.01,8.98,-0.02,-0.02,0.02
2025-02-24 12:47:19.981,0.03,0.01,-0.00,-0.06,-0.01,-0.02,,-4.70,-0.01,9.02,-0.01,-0.02,0.01
2025-02-24 12:47:20.012,0.02,0.01,0.04,-0.06,-0.01,-0.02,,-4.64,0.01,8.99,-0.01,-0.02,0.02
2025-02-24 12:47:20.051,0.02,0.01,0.04,-0.06,-0.01,-0.02,,-4.59,-0.00,9.00,-0.02,-0.02,0.01
2025-02-24 12:47:20.092,0.02,0.00,-0.02,-0.06,-0.01,-0.02,,-4.72,-0.04,9.05,-0.02,-0.02,0.01
2025-02-24 12:47:20.129,0.02,0.00,-0.00,-0.06,-0.00,-0.02,,-4.54,-0.08,9.09,-0.02,-0.02,0.02
2025-02-24 12:47:20.163,0.02,0.03,0.03,-0.06,-0.00,-0.02,,-4.79,-0.06,8.96,-0.02,-0.02,0.02
2025-02-24 12:47:20.194,0.01,0.02,0.00,-0.06,-0.00,-0.02,,-4.61,-0.03,9.00,-0.02,-0.02,0.01
2025-02-24 12:47:20.230,0.01,0.01,0.02,-0.06,-0.00,-0.02,,-4.73,-0.06,8.99,-0.02,-0.02,0.02
2025-02-24 12:47:20.268,0.02,0.02,0.04,-0.06,-0.00,-0.02,,-4.64,-0.10,9.02,-0.01,-0.02,0.02
2025-02-24 12:47:20.308,0.02,0.01,0.06,-0.06,-0.01,-0.02,,-4.58,-0.00,9.05,-0.01,-0.02,0.02
2025-02-24 12:47:20.343,0.02,0.02,0.03,-0.06,-0.01,-0.02,,-4.70,-0.01,8.96,-0.02,-0.02,0.02
2025-02-24 12:47:20.380,0.01,0.03,0.06,-0.06,-0.00,-0.02,,-4.54,0.03,9.04,-0.01,-0.02,0.01
2025-02-24 12:47:20.411,0.02,0.02,0.03,-0.06,-0.00,-0.02,,-4.71,-0.06,8.99,-0.02,-0.02,0.01
2025-02-24 12:47:20.445,0.04,0.01,0.01,-0.06,-0.00,-0.02,,-4.58,-0.04,8.99,-0.02,-0.02,0.02
2025-02-24 12:47:20.478,0.01,0.02,0.03,-0.06,-0.01,-0.02,,-4.70,-0.02,8.95,-0.02,-0.02,0.01
2025-02-24 12:47:20.520,0.02,0.01,0.05,-0.06,-0.01,-0.02,,-4.64,-0.02,9.02,-0.01,-0.02,0.02
2025-02-24 12:47:20.559,0.01,0.02,0.00,-0.06,-0.00,-0.02,,-4.70,-0.02,9.05,-0.01,-0.02,0.02
2025-02-24 12:47:20.592,0.02,0.02,0.03,-0.06,-0.00,-0.02,,-4.67,-0.03,9.00,-0.01,-0.02,0.02
2025-02-24 12:47:20.627,0.02,0.02,0.01,-0.06,-0.01,-0.02,,-4.69,0.00,9.03,-0.02,-0.02,0.02
2025-02-24 12:47:20.659,0.03,0.01,0.02,-0.06,-0.00,-0.02,,-4.70,-0.05,8.94,-0.02,-0.02,0.02
2025-02-24 12:47:20.694,0.01,0.00,0.05,-0.06,-0.00,-0.02,,-4.66,0.04,9.00,-0.02,-0.02,0.02
2025-02-24 12:47:20.727,0.01,-0.00,0.04,-0.06,-0.00,-0.02,,-4.75,-0.05,9.02,-0.01,-0.02,0.02
2025-02-24 12:47:20.773,0.00,0.02,0.01,-0.06,-0.00,-0.02,,-4.52,0.00,9.00,-0.01,-0.02,0.01
2025-02-24 12:47:20.810,0.00,0.02,0.01,-0.06,-0.00,-0.02,,-4.72,-0.01,8.95,-0.02,-0.02,0.02
2025-02-24 12:47:20.844,0.04,0.02,-0.00,-0.06,-0.01,-0.02,,-4.60,-0.03,8.91,-0.01,-0.02,0.01
2025-02-24 12:47:20.877,0.03,0.01,0.02,-0.06,-0.00,-0.02,,-4.72,-0.02,9.02,-0.01,-0.02,0.01
2025-02-24 12:47:20.911,0.02,-0.00,0.00,-0.06,-0.01,-0.02,,-4.56,-0.05,9.01,-0.02,-0.01,0.02
2025-02-24 12:47:20.946,0.02,-0.01,0.04,-0.06,-0.00,-0.02,,-4.69,-0.02,9.01,-0.02,-0.02,0.01
2025-02-24 12:47:20.991,0.01,0.02,0.01,-0.06,-0.00,-0.02,,-4.64,-0.03,9.02,-0.01,-0.02,0.02
2025-02-24 12:47:21.027,0.02,0.02,0.03,-0.06,-0.00,-0.02,,-4.59,-0.01,9.03,-0.01,-0.02,0.02
2025-02-24 12:47:21.060,0.03,0.00,0.00,-0.06,-0.00,-0.02,,-4.76,-0.03,8.97,-0.02,-0.02,0.02
2025-02-24 12:47:21.097,0.02,0.00,0.02,-0.06,-0.00,-0.02,,-4.58,0.02,9.00,-0.02,-0.02,0.02
2025-02-24 12:47:21.130,0.02,0.00,0.03,-0.06,-0.00,-0.02,,-4.71,0.00,9.00,-0.02,-0.02,0.02
2025-02-24 12:47:21.169,0.03,0.01,0.03,-0.06,-0.00,-0.02,,-4.58,0.02,9.01,-0.01,-0.02,0.02
2025-02-24 12:47:21.194,0.04,0.01,0.02,-0.06,-0.00,-0.02,,-4.68,-0.04,9.06,-0.02,-0.02,0.01
2025-02-24 12:47:21.241,0.01,0.00,0.00,-0.06,-0.00,-0.02,,-4.59,0.04,9.01,-0.02,-0.02,0.02
2025-02-24 12:47:21.275,0.02,0.01,0.02,-0.06,-0.00,-0.02,,-4.65,-0.05,8.93,-0.02,-0.02,0.02
2025-02-24 12:47:21.310,0.02,0.02,0.02,-0.06,-0.01,-0.02,,-4.70,-0.05,8.98,-0.01,-0.02,0.02
2025-02-24 12:47:21.343,0.01,0.02,0.02,-0.06,-0.00,-0.02,,-4.60,0.06,9.01,-0.01,-0.02,0.02
2025-02-24 12:47:21.377,0.02,0.00,0.04,-0.06,-0.01,-0.02,,-4.76,-0.08,9.00,-0.02,-0.02,0.02
2025-02-24 12:47:21.410,0.01,0.01,0.05,-0.06,-0.00,-0.02,,-4.62,-0.02,9.02,-0.01,-0.02,0.02
2025-02-24 12:47:21.456,0.01,0.00,0.02,-0.06,-0.01,-0.02,,-4.74,-0.07,8.97,-0.02,-0.02,0.01
2025-02-24 12:47:21.491,0.02,0.01,0.03,-0.06,-0.00,-0.02,,-4.64,0.02,8.95,-0.01,-0.02,0.01
2025-02-24 12:47:21.527,0.02,0.02,0.02,-0.06,-0.00,-0.02,,-4.74,-0.07,9.04,-0.01,-0.02,0.02
2025-02-24 12:47:21.562,0.01,0.01,0.02,-0.06,-0.00,-0.02,,-4.61,0.04,8.99,-0.01,-0.01,0.01
2025-02-24 12:47:21.594,0.02,-0.00,0.03,-0.06,-0.00,-0.02,,-4.70,-0.04,9.02,-0.01,-0.02,0.02
2025-02-24 12:47:21.627,0.00,0.01,0.04,-0.06,-0.00,-0.02,,-4.73,-0.10,8.93,-0.02,-0.02,0.02
2025-02-24 12:47:21.660,0.02,0.03,0.04,-0.06,-0.00,-0.02,,-4.67,0.01,8.97,-0.01,-0.01,0.02
2025-02-24 12:47:21.693,0.01,0.02,0.02,-0.06,-0.00,-0.02,,-4.75,-0.10,9.03,-0.01,-0.02,0.01
2025-02-24 12:47:21.742,0.02,0.02,0.02,-0.06,-0.01,-0.02,,-4.53,-0.00,9.02,-0.02,-0.02,0.02
2025-02-24 12:47:21.776,0.02,0.02,0.02,-0.06,-0.00,-0.02,,-4.70,-0.01,8.84,-0.02,-0.02,0.02
2025-02-24 12:47:21.813,0.02,0.03,0.02,-0.06,-0.01,-0.02,,-4.59,0.06,8.98,-0.01,-0.01,0.02
2025-02-24 12:47:21.844,0.02,0.02,0.03,-0.06,-0.01,-0.02,,-4.73,-0.04,9.02,-0.02,-0.02,0.02
2025-02-24 12:47:21.877,0.02,0.01,0.01,-0.06,-0.01,-0.02,,-4.65,-0.03,9.06,-0.02,-0.02,0.02
2025-02-24 12:47:21.920,0.00,0.01,0.01,-0.06,-0.01,-0.02,,-4.64,-0.04,9.04,-0.02,-0.02,0.01
2025-02-24 12:47:21.943,0.01,0.01,0.04,-0.06,-0.01,-0.02,,-4.70,-0.10,9.08,-0.01,-0.02,0.02
2025-02-24 12:47:21.992,0.03,0.00,0.02,-0.06,-0.00,-0.02,,-4.63,-0.05,8.92,-0.02,-0.02,0.02
2025-02-24 12:47:22.027,0.03,0.01,0.05,-0.06,-0.00,-0.02,,-4.72,-0.08,9.02,-0.02,-0.02,0.01
2025-02-24 12:47:22.064,0.01,0.01,-0.01,-0.06,-0.00,-0.02,,-4.59,0.03,9.09,-0.02,-0.01,0.01
2025-02-24 12:47:22.099,0.00,0.02,0.00,-0.06,-0.00,-0.02,,-4.78,-0.09,8.99,-0.02,-0.02,0.01
2025-02-24 12:47:22.127,0.02,0.02,0.01,-0.06,-0.01,-0.02,,-4.59,0.02,8.98,-0.02,-0.02,0.01
2025-02-24 12:47:22.168,0.00,0.03,0.02,-0.06,-0.00,-0.02,,-4.67,0.03,9.06,-0.01,-0.02,0.02
2025-02-24 12:47:22.196,0.02,0.02,0.03,-0.06,-0.00,-0.02,,-4.62,0.00,8.91,-0.02,-0.02,0.02
2025-02-24 12:47:22.242,0.02,0.01,0.04,-0.06,-0.00,-0.02,,-4.63,0.06,8.99,-0.02,-0.02,0.02
2025-02-24 12:47:22.275,0.02,0.01,0.00,-0.06,-0.01,-0.02,,-4.56,-0.03,8.97,-0.02,-0.01,0.02
2025-02-24 12:47:22.314,0.02,0.02,0.02,-0.06,-0.01,-0.02,,-4.60,0.03,9.02,-0.01,-0.02,0.02
2025-02-24 12:47:22.348,-0.00,0.00,0.01,-0.06,-0.00,-0.02,,-4.70,-0.02,9.00,-0.01,-0.02,0.01
2025-02-24 12:47:22.377,0.01,0.02,0.02,-0.06,-0.01,-0.02,,-4.59,0.05,9.02,-0.01,-0.02,0.02
2025-02-24 12:47:22.418,0.01,0.00,0.03,-0.06,-0.00,-0.02,,-4.70,-0.07,9.04,-0.01,-0.01,0.02
2025-02-24 12:47:22.458,0.04,0.00,0.03,-0.06,-0.01,-0.02,,-4.59,-0.06,9.00,-0.02,-0.02,0.01
2025-02-24 12:47:22.493,0.00,0.03,0.00,-0.06,-0.00,-0.02,,-4.72,0.04,8.97,-0.01,-0.02,0.02
2025-02-24 12:47:22.526,0.01,0.02,0.01,-0.06,-0.01,-0.02,,-4.65,0.00,8.98,-0.02,-0.02,0.02
2025-02-24 12:47:22.564,0.02,0.01,0.03,-0.06,-0.01,-0.02,,-4.64,-0.01,9.08,-0.02,-0.02,0.02
2025-02-24 12:47:22.594,0.03,0.00,0.06,-0.06,-0.00,-0.02,,-4.72,-0.05,9.00,-0.01,-0.02,0.02
2025-02-24 12:47:22.627,0.02,0.02,0.00,-0.06,-0.00,-0.02,,-4.62,-0.06,8.92,-0.02,-0.02,0.02
2025-02-24 12:47:22.660,0.01,0.00,0.01,-0.06,-0.01,-0.02,,-4.70,-0.10,9.12,-0.02,-0.01,0.02
2025-02-24 12:47:22.708,0.01,0.01,0.06,-0.06,-0.00,-0.02,,-4.65,-0.06,8.94,-0.02,-0.02,0.02
2025-02-24 12:47:22.743,0.02,0.01,0.01,-0.06,-0.00,-0.02,,-4.69,-0.06,8.98,-0.01,-0.01,0.02
2025-02-24 12:47:22.778,0.02,0.01,0.01,-0.06,-0.00,-0.02,,-4.62,0.03,9.01,-0.01,-0.01,0.02
2025-02-24 12:47:22.811,0.03,0.01,0.07,-0.06,-0.00,-0.02,,-4.68,-0.06,8.95,-0.02,-0.02,0.01
2025-02-24 12:47:22.845,0.03,0.00,0.05,-0.06,-0.00,-0.02,,-4.60,-0.02,9.12,-0.02,-0.02,0.02
2025-02-24 12:47:22.880,0.00,0.00,0.02,-0.06,-0.00,-0.02,,-4.71,0.00,9.02,-0.01,-0.02,0.02
2025-02-24 12:47:22.918,0.00,0.02,0.03,-0.06,-0.00,-0.02,,-4.70,-0.07,9.00,-0.02,-0.02,0.01
2025-02-24 12:47:22.958,0.03,0.01,0.02,-0.06,-0.00,-0.02,,-4.63,0.00,8.97,-0.02,-0.02,0.02
2025-02-24 12:47:22.992,0.01,0.05,0.02,-0.06,-0.00,-0.02,,-4.72,-0.01,8.95,-0.02,-0.02,0.01
2025-02-24 12:47:23.031,-0.00,0.02,0.06,-0.06,-0.01,-0.02,,-4.65,-0.03,9.05,-0.02,-0.02,0.02
2025-02-24 12:47:23.060,0.01,0.03,0.04,-0.06,-0.01,-0.02,,-4.74,-0.01,8.86,-0.01,-0.02,0.01
2025-02-24 12:47:23.096,0.01,0.01,0.01,-0.06,-0.00,-0.02,,-4.61,0.03,9.06,-0.01,-0.02,0.02
2025-02-24 12:47:23.131,0.00,0.01,0.03,-0.06,-0.01,-0.02,,-4.68,-0.03,9.00,-0.01,-0.02,0.02
2025-02-24 12:47:23.168,0.00,0.01,0.03,-0.06,-0.00,-0.02,,-4.57,0.01,9.01,-0.02,-0.02,0.01
2025-02-24 12:47:23.209,0.01,0.01,0.01,-0.06,-0.00,-0.02,,-4.67,0.03,9.06,-0.01,-0.02,0.01
2025-02-24 12:47:23.244,0.02,0.01,0.02,-0.06,-0.00,-0.02,,-4.64,-0.00,9.00,-0.02,-0.02,0.02
2025-02-24 12:47:23.277,0.02,0.02,0.03,-0.06,-0.00,-0.02,,-4.67,0.00,9.03,-0.02,-0.02,0.01
2025-02-24 12:47:23.309,-0.00,0.03,0.01,-0.06,-0.00,-0.02,,-4.69,-0.04,8.95,-0.01,-0.02,0.02
2025-02-24 12:47:23.343,-0.00,0.02,0.02,-0.06,-0.00,-0.02,,-4.55,0.04,8.99,-0.02,-0.02,0.02
2025-02-24 12:47:23.375,0.01,-0.00,0.03,-0.06,-0.00,-0.02,,-4.71,-0.06,8.95,-0.02,-0.02,0.02
2025-02-24 12:47:23.424,0.01,0.00,0.03,-0.06,-0.00,-0.02,,-4.58,0.01,9.04,-0.01,-0.02,0.01
2025-02-24 12:47:23.460,0.01,0.01,0.03,-0.06,-0.00,-0.02,,-4.68,-0.03,9.05,-0.01,-0.01,0.02
2025-02-24 12:47:23.492,-0.00,0.02,-0.02,-0.06,-0.01,-0.02,,-4.60,0.00,8.97,-0.02,-0.02,0.01
2025-02-24 12:47:23.531,0.00,0.01,0.02,-0.06,-0.00,-0.02,,-4.72,0.03,8.93,-0.01,-0.02,0.01
2025-02-24 12:47:23.563,0.03,0.01,0.02,-0.06,-0.00,-0.02,,-4.67,-0.03,8.91,-0.02,-0.02,0.02
2025-02-24 12:47:23.594,0.02,0.01,0.01,-0.06,-0.00,-0.02,,-4.55,0.03,8.98,-0.02,-0.02,0.01
2025-02-24 12:47:23.633,0.01,0.01,0.01,-0.06,-0.01,-0.02,,-4.69,-0.08,8.98,-0.02,-0.01,0.01
2025-02-24 12:47:23.674,0.00,0.00,0.01,-0.06,-0.01,-0.02,,-4.56,0.06,8.98,-0.02,-0.02,0.01
2025-02-24 12:47:23.710,0.02,0.02,0.06,-0.06,-0.01,-0.02,,-4.71,-0.02,9.03,-0.02,-0.02,0.01
2025-02-24 12:47:23.744,0.02,0.00,0.04,-0.06,-0.01,-0.02,,-4.59,-0.08,9.02,-0.02,-0.02,0.02
2025-02-24 12:47:23.776,0.00,0.03,0.00,-0.06,-0.01,-0.02,,-4.69,-0.01,8.99,-0.01,-0.02,0.02
2025-02-24 12:47:23.818,0.02,0.01,0.02,-0.06,-0.00,-0.02,,-4.62,-0.01,8.99,-0.01,-0.02,0.02
2025-02-24 12:47:23.844,0.01,0.02,0.01,-0.06,-0.01,-0.02,,-4.74,-0.02,9.07,-0.02,-0.02,0.02
2025-02-24 12:47:23.877,0.02,0.02,0.01,-0.06,-0.01,-0.02,,-4.67,-0.08,8.99,-0.01,-0.02,0.02
2025-02-24 12:47:23.925,0.02,0.03,0.02,-0.06,-0.01,-0.02,,-4.69,-0.04,9.02,-0.01,-0.02,0.02
2025-02-24 12:47:23.959,0.01,0.01,0.03,-0.06,-0.00,-0.02,,-4.69,-0.03,8.96,-0.02,-0.02,0.02
2025-02-24 12:47:23.996,0.01,0.01,0.05,-0.06,-0.00,-0.02,,-4.68,0.00,9.02,-0.02,-0.02,0.02
2025-02-24 12:47:24.026,0.01,-0.00,0.03,-0.06,-0.01,-0.02,,-4.71,0.03,8.99,-0.02,-0.02,0.02
2025-02-24 12:47:24.062,0.02,0.00,0.02,-0.06,-0.01,-0.02,,-4.54,0.00,8.94,-0.02,-0.02,0.02
2025-02-24 12:47:24.093,0.02,0.01,0.03,-0.06,-0.01,-0.02,,-4.66,-0.02,9.01,-0.01,-0.01,0.02
2025-02-24 12:47:24.142,0.01,0.02,0.01,-0.06,-0.01,-0.02,,-4.62,-0.01,9.07,-0.01,-0.01,0.01
2025-02-24 12:47:24.175,0.01,0.02,0.02,-0.06,-0.01,-0.02,,-4.70,0.01,9.05,-0.01,-0.02,0.02
2025-02-24 12:47:24.209,0.01,0.00,0.05,-0.06,-0.01,-0.02,,-4.62,-0.02,9.01,-0.01,-0.02,0.02
2025-02-24 12:47:24.243,0.02,0.01,0.05,-0.06,-0.01,-0.02,,-4.67,-0.03,9.03,-0.02,-0.02,0.02
2025-02-24 12:47:24.276,0.03,0.01,0.06,-0.06,-0.01,-0.02,,-4.72,-0.02,9.00,-0.02,-0.02,0.01
2025-02-24 12:47:24.310,0.01,0.00,0.00,-0.06,-0.00,-0.02,,-4.57,0.00,9.02,-0.02,-0.02,0.02
2025-02-24 12:47:24.343,0.00,0.02,0.05,-0.06,-0.00,-0.02,,-4.61,-0.06,8.98,-0.02,-0.02,0.01
2025-02-24 12:47:24.391,0.01,0.01,0.02,-0.06,-0.00,-0.02,,-4.59,-0.04,9.02,-0.02,-0.02,0.01
2025-02-24 12:47:24.426,0.01,0.01,0.04,-0.06,-0.00,-0.02,,-4.63,-0.01,9.10,-0.01,-0.02,0.02
2025-02-24 12:47:24.459,0.02,0.02,0.02,-0.06,-0.01,-0.02,,-4.63,-0.02,8.94,-0.02,-0.02,0.01
2025-02-24 12:47:24.492,0.03,0.01,0.01,-0.06,-0.00,-0.02,,-4.67,0.04,9.03,-0.02,-0.02,0.02
2025-02-24 12:47:24.525,0.02,0.02,0.04,-0.06,-0.00,-0.02,,-4.67,0.00,8.96,-0.02,-0.02,0.01
2025-02-24 12:47:24.569,0.01,0.02,0.03,-0.06,-0.01,-0.02,,-4.63,0.00,9.00,-0.02,-0.02,0.02
2025-02-24 12:47:24.592,0.01,0.01,0.04,-0.06,-0.00,-0.02,,-4.74,-0.04,9.03,-0.02,-0.02,0.02
2025-02-24 12:47:24.632,0.05,0.00,0.05,-0.06,-0.01,-0.02,,-4.57,0.01,8.98,-0.02,-0.02,0.01
2025-02-24 12:47:24.677,0.00,0.00,0.01,-0.06,-0.01,-0.02,,-4.70,-0.06,8.99,-0.01,-0.02,0.02
2025-02-24 12:47:24.712,0.00,0.03,0.05,-0.06,-0.01,-0.02,,-4.56,0.02,9.04,-0.01,-0.02,0.02
2025-02-24 12:47:24.742,0.00,0.00,0.07,-0.06,-0.00,-0.02,,-4.72,-0.03,8.96,-0.01,-0.02,0.01
2025-02-24 12:47:24.776,0.01,0.01,0.04,-0.06,-0.00,-0.02,,-4.63,-0.00,9.00,-0.02,-0.02,0.02
2025-02-24 12:47:24.818,0.02,0.03,0.00,-0.06,-0.00,-0.02,,-4.73,-0.03,9.02,-0.01,-0.02,0.01
2025-02-24 12:47:24.843,0.02,0.03,-0.00,-0.06,-0.00,-0.02,,-4.64,-0.05,9.00,-0.02,-0.02,0.01
2025-02-24 12:47:24.892,0.01,0.01,0.03,-0.06,-0.01,-0.02,,-4.70,-0.06,9.05,-0.02,-0.02,0.02
2025-02-24 12:47:24.926,0.01,0.01,0.04,-0.06,-0.00,-0.02,,-4.71,-0.04,8.98,-0.01,-0.02,0.02
2025-02-24 12:47:24.960,0.02,0.00,0.03,-0.06,-0.01,-0.02,,-4.63,0.00,9.01,-0.01,-0.02,0.02
2025-02-24 12:47:24.993,0.00,0.00,0.03,-0.06,-0.01,-0.02,,-4.72,-0.00,8.99,-0.02,-0.02,0.01
2025-02-24 12:47:25.028,0.02,-0.00,0.04,-0.06,-0.01,-0.02,,-4.61,-0.07,9.01,-0.02,-0.02,0.02
2025-02-24 12:47:25.070,0.01,0.01,0.01,-0.06,-0.01,-0.02,,-4.68,-0.03,8.95,-0.02,-0.02,0.01
2025-02-24 12:47:25.097,0.01,0.02,0.00,-0.06,-0.01,-0.02,,-4.60,-0.00,8.91,-0.01,-0.02,0.01
2025-02-24 12:47:25.143,0.02,0.02,0.03,-0.06,-0.01,-0.02,,-4.70,0.00,9.10,-0.01,-0.02,0.02
2025-02-24 12:47:25.176,0.04,0.00,0.02,-0.06,-0.01,-0.02,,-4.74,-0.02,8.99,-0.02,-0.02,0.01
2025-02-24 12:47:25.210,0.01,0.02,0.00,-0.06,-0.00,-0.02,,-4.67,0.02,9.12,-0.01,-0.02,0.01
2025-02-24 12:47:25.245,0.02,0.01,0.04,-0.06,-0.00,-0.02,,-4.75,-0.03,9.01,-0.02,-0.02,0.01
2025-02-24 12:47:25.277,0.03,0.02,0.03,-0.06,-0.01,-0.02,,-4.59,-0.00,8.96,-0.01,-0.02,0.01
2025-02-24 12:47:25.319,0.04,0.02,0.04,-0.06,-0.01,-0.02,,-4.72,-0.00,8.96,-0.02,-0.02,0.01
2025-02-24 12:47:25.359,0.00,0.00,0.03,-0.06,-0.01,-0.02,,-4.57,-0.02,9.05,-0.02,-0.02,0.02
2025-02-24 12:47:25.394,0.02,0.01,0.03,-0.06,-0.01,-0.02,,-4.66,-0.04,9.00,-0.02,-0.02,0.01
2025-02-24 12:47:25.425,0.03,0.03,0.01,-0.06,-0.01,-0.02,,-4.60,-0.03,9.13,-0.02,-0.02,0.01
2025-02-24 12:47:25.459,0.02,0.03,0.03,-0.06,-0.00,-0.02,,-4.67,-0.01,9.07,-0.02,-0.02,0.02
2025-02-24 12:47:25.492,0.02,0.01,0.02,-0.06,-0.01,-0.02,,-4.64,-0.01,9.03,-0.01,-0.02,0.02
2025-02-24 12:47:25.526,0.02,0.02,0.01,-0.06,-0.00,-0.02,,-4.65,0.03,9.05,-0.02,-0.02,0.01
2025-02-24 12:47:25.570,0.00,0.03,0.02,-0.06,-0.01,-0.02,,-4.69,-0.05,9.02,-0.02,-0.02,0.01
2025-02-24 12:47:25.610,-0.00,0.03,0.03,-0.06,-0.01,-0.02,,-4.56,0.03,9.05,-0.01,-0.02,0.01
2025-02-24 12:47:25.644,0.02,0.02,0.02,-0.06,-0.01,-0.02,,-4.72,-0.06,8.95,-0.02,-0.02,0.01
2025-02-24 12:47:25.675,0.00,0.05,0.01,-0.06,-0.00,-0.02,,-4.58,0.03,9.09,-0.01,-0.02,0.01
2025-02-24 12:47:25.711,0.00,0.00,0.03,-0.06,-0.01,-0.02,,-4.74,-0.01,9.00,-0.02,-0.01,0.02
2025-02-24 12:47:25.744,0.00,0.01,0.01,-0.06,-0.01,-0.02,,-4.58,0.03,8.98,-0.02,-0.02,0.01
2025-02-24 12:47:25.776,0.03,0.01,0.01,-0.06,-0.01,-0.02,,-4.71,-0.02,9.04,-0.01,-0.02,0.01
2025-02-24 12:47:25.818,0.01,0.01,0.02,-0.06,-0.01,-0.02,,-4.62,-0.08,9.00,-0.01,-0.02,0.02
2025-02-24 12:47:25.859,0.02,0.01,0.01,-0.06,-0.01,-0.02,,-4.64,0.02,8.94,-0.02,-0.02,0.02
2025-02-24 12:47:25.893,0.03,0.01,0.03,-0.06,-0.01,-0.02,,-4.72,-0.09,8.95,-0.01,-0.02,0.01
2025-02-24 12:47:25.926,0.02,0.00,0.02,-0.06,-0.01,-0.02,,-4.60,-0.05,9.02,-0.01,-0.02,0.02
2025-02-24 12:47:25.960,0.03,0.02,0.05,-0.06,-0.00,-0.02,,-4.71,-0.04,9.05,-0.02,-0.02,0.02
2025-02-24 12:47:25.993,0.01,0.01,0.04,-0.06,-0.00,-0.02,,-4.56,0.01,8.99,-0.02,-0.02,0.02
2025-02-24 12:47:26.027,0.02,0.00,0.03,-0.06,-0.00,-0.02,,-4.75,-0.07,9.03,-0.02,-0.02,0.02
2025-02-24 12:47:26.074,0.03,-0.01,0.01,-0.06,-0.00,-0.02,,-4.65,-0.07,9.04,-0.02,-0.02,0.01
2025-02-24 12:47:26.109,0.01,-0.01,0.02,-0.06,-0.00,-0.02,,-4.68,0.00,8.92,-0.01,-0.02,0.02
2025-02-24 12:47:26.144,0.00,0.03,0.02,-0.06,-0.00,-0.02,,-4.71,-0.05,8.98,-0.02,-0.02,0.02
2025-02-24 12:47:26.175,0.03,0.01,0.04,-0.06,-0.01,-0.02,,-4.69,-0.02,8.99,-0.01,-0.02,0.01
2025-02-24 12:47:26.218,0.02,0.01,0.03,-0.06,-0.01,-0.02,,-4.69,-0.05,8.96,-0.01,-0.02,0.02
2025-02-24 12:47:26.246,0.02,0.03,0.03,-0.06,-0.00,-0.02,,-4.63,-0.02,9.02,-0.02,-0.02,0.02
2025-02-24 12:47:26.291,0.01,0.02,0.04,-0.06,-0.00,-0.02,,-4.71,-0.04,8.99,-0.02,-0.02,0.02
2025-02-24 12:47:26.326,0.02,-0.00,0.04,-0.06,-0.00,-0.02,,-4.56,0.00,9.09,-0.01,-0.02,0.02
2025-02-24 12:47:26.359,0.00,0.01,0.03,-0.06,-0.00,-0.02,,-4.77,0.00,9.06,-0.02,-0.02,0.02
2025-02-24 12:47:26.394,0.01,0.01,0.01,-0.06,-0.00,-0.02,,-4.66,0.01,9.00,-0.02,-0.02,0.02
2025-02-24 12:47:26.427,0.02,0.02,0.02,-0.06,-0.00,-0.02,,-4.76,0.00,9.01,-0.02,-0.02,0.02
2025-02-24 12:47:26.461,0.02,0.00,0.02,-0.06,-0.00,-0.02,,-4.58,-0.01,9.03,-0.02,-0.02,0.02
2025-02-24 12:47:26.494,0.02,0.02,0.03,-0.06,-0.01,-0.02,,-4.70,0.00,8.98,-0.01,-0.02,0.02
2025-02-24 12:47:26.527,0.01,0.02,0.03,-0.06,-0.00,-0.02,,-4.66,0.03,8.99,-0.02,-0.02,0.02
2025-02-24 12:47:26.574,0.01,0.02,0.03,-0.06,-0.00,-0.02,,-4.58,0.00,9.01,-0.01,-0.02,0.02
2025-02-24 12:47:26.610,0.00,0.01,0.03,-0.06,-0.00,-0.02,,-4.77,-0.06,9.05,-0.01,-0.02,0.01
2025-02-24 12:47:26.645,0.03,0.00,0.06,-0.06,-0.01,-0.02,,-4.56,-0.05,8.94,-0.02,-0.02,0.02
2025-02-24 12:47:26.682,0.02,-0.01,0.05,-0.06,-0.01,-0.02,,-4.71,-0.02,9.00,-0.01,-0.02,0.01
2025-02-24 12:47:26.718,0.02,0.01,0.03,-0.06,-0.00,-0.02,,-4.61,-0.04,9.08,-0.02,-0.01,0.01
2025-02-24 12:47:26.746,0.02,0.00,0.02,-0.06,-0.00,-0.02,,-4.64,-0.00,9.00,-0.01,-0.02,0.01
2025-02-24 12:47:26.791,0.02,0.01,0.05,-0.06,-0.01,-0.02,,-4.63,-0.03,8.97,-0.02,-0.02,0.02
2025-02-24 12:47:26.826,0.01,0.01,0.06,-0.06,-0.01,-0.02,,-4.58,0.01,9.01,-0.01,-0.02,0.02
2025-02-24 12:47:26.860,0.01,0.00,0.02,-0.06,-0.00,-0.02,,-4.68,-0.05,8.97,-0.01,-0.02,0.01
2025-02-24 12:47:26.894,0.04,-0.01,0.05,-0.06,-0.00,-0.02,,-4.56,0.04,9.05,-0.01,-0.02,0.02
2025-02-24 12:47:26.926,0.01,0.01,0.01,-0.06,-0.01,-0.02,,-4.71,-0.05,9.01,-0.02,-0.02,0.02
2025-02-24 12:47:26.970,0.02,0.01,0.00,-0.06,-0.00,-0.02,,-4.59,0.01,9.12,-0.01,-0.02,0.02
2025-02-24 12:47:26.994,0.01,0.02,0.02,-0.06,-0.00,-0.02,,-4.75,-0.06,8.94,-0.02,-0.02,0.01
2025-02-24 12:47:27.042,0.01,0.02,0.01,-0.06,-0.00,-0.02,,-4.60,-0.03,8.99,-0.01,-0.02,0.02
2025-02-24 12:47:27.077,0.01,0.02,0.03,-0.06,-0.01,-0.02,,-4.74,0.03,9.04,-0.02,-0.02,0.02
2025-02-24 12:47:27.114,0.01,-0.00,0.04,-0.06,-0.01,-0.02,,-4.65,-0.04,8.96,-0.02,-0.02,0.01
2025-02-24 12:47:27.150,0.02,0.02,0.01,-0.06,-0.01,-0.02,,-4.67,-0.01,9.06,-0.01,-0.03,0.01
2025-02-24 12:47:27.177,0.01,0.01,0.00,-0.06,-0.00,-0.02,,-4.67,-0.06,8.88,-0.01,-0.02,0.02
2025-02-24 12:47:27.219,0.02,0.02,0.02,-0.06,-0.01,-0.02,,-4.64,-0.03,9.01,-0.01,-0.02,0.02
2025-02-24 12:47:27.258,0.02,0.01,0.00,-0.06,-0.00,-0.02,,-4.69,-0.09,9.09,-0.01,-0.02,0.01
2025-02-24 12:47:27.293,0.01,0.01,0.02,-0.06,-0.00,-0.02,,-4.59,0.01,8.96,-0.02,-0.02,0.02
2025-02-24 12:47:27.326,0.00,0.00,0.02,-0.06,-0.00,-0.02,,-4.75,-0.08,8.98,-0.01,-0.02,0.02
2025-02-24 12:47:27.361,0.01,-0.00,0.01,-0.06,-0.00,-0.02,,-4.62,0.01,9.03,-0.01,-0.02,0.01
2025-02-24 12:47:27.393,0.02,0.00,0.04,-0.06,-0.00,-0.02,,-4.67,0.03,9.01,-0.01,-0.02,0.01
2025-02-24 12:47:27.432,0.01,0.01,0.03,-0.06,-0.00,-0.02,,-4.68,-0.07,8.96,-0.02,-0.02,0.02
2025-02-24 12:47:27.469,0.02,0.01,0.03,-0.06,-0.00,-0.02,,-4.64,-0.05,8.99,-0.02,-0.02,0.02
2025-02-24 12:47:27.508,0.01,0.04,0.04,-0.06,-0.00,-0.02,,-4.75,-0.06,8.99,-0.01,-0.02,0.02
2025-02-24 12:47:27.543,0.01,-0.00,0.01,-0.06,-0.00,-0.02,,-4.66,0.00,9.02,-0.01,-0.02,0.01
2025-02-24 12:47:27.578,0.04,0.01,0.00,-0.06,-0.00,-0.02,,-4.75,-0.05,8.92,-0.02,-0.02,0.02
2025-02-24 12:47:27.612,0.02,0.01,0.00,-0.07,-0.01,-0.02,,-4.51,-0.01,8.94,-0.01,-0.02,0.02
2025-02-24 12:47:27.645,0.04,0.02,-0.02,-0.07,-0.01,-0.02,,-4.72,-0.02,9.05,-0.02,-0.01,0.01
2025-02-24 12:47:27.678,0.01,0.01,0.00,-0.07,-0.01,-0.02,,-4.56,0.03,9.10,-0.02,-0.02,0.02
2025-02-24 12:47:27.720,0.02,0.01,-0.00,-0.07,-0.01,-0.02,,-4.70,0.04,9.02,-0.02,-0.02,0.02
2025-02-24 12:47:27.760,0.02,0.00,0.02,-0.07,-0.01,-0.02,,-4.59,-0.02,8.93,-0.02,-0.02,0.01
2025-02-24 12:47:27.794,0.02,0.01,0.00,-0.06,-0.01,-0.02,,-4.66,-0.04,9.04,-0.02,-0.02,0.02
2025-02-24 12:47:27.827,0.05,0.01,0.03,-0.06,-0.01,-0.02,,-4.68,0.00,9.01,-0.02,-0.02,0.02
2025-02-24 12:47:27.864,0.03,0.00,0.01,-0.06,-0.00,-0.02,,-4.55,0.01,9.04,-0.01,-0.01,0.01
2025-02-24 12:47:27.894,0.02,-0.02,0.02,-0.06,-0.01,-0.02,,-4.69,-0.04,9.09,-0.02,-0.02,0.01
2025-02-24 12:47:27.926,0.03,-0.01,0.05,-0.06,-0.00,-0.02,,-4.63,-0.01,9.05,-0.02,-0.02,0.02
2025-02-24 12:47:27.975,0.02,0.00,0.02,-0.06,-0.01,-0.02,,-4.73,-0.09,9.01,-0.02,-0.02,0.01
2025-02-24 12:47:28.011,0.02,0.00,0.02,-0.06,-0.00,-0.02,,-4.64,-0.07,8.98,-0.02,-0.02,0.02
2025-02-24 12:47:28.046,0.03,0.01,0.02,-0.06,-0.00,-0.02,,-4.74,-0.02,8.97,-0.02,-0.02,0.02
2025-02-24 12:47:28.077,0.03,0.01,0.02,-0.06,-0.00,-0.02,,-4.64,0.02,9.09,-0.02,-0.02,0.02
2025-02-24 12:47:28.118,0.01,-0.00,-0.01,-0.07,-0.01,-0.02,,-4.68,-0.00,8.99,-0.02,-0.02,0.01
2025-02-24 12:47:28.144,0.01,-0.02,0.04,-0.06,-0.01,-0.02,,-4.64,0.00,9.04,-0.02,-0.02,0.02
2025-02-24 12:47:28.191,0.02,0.01,0.02,-0.06,-0.01,-0.02,,-4.73,0.02,9.05,-0.01,-0.02,0.01
2025-02-24 12:47:28.227,0.02,0.01,0.01,-0.06,-0.01,-0.02,,-4.75,-0.05,8.98,-0.01,-0.02,0.02
2025-02-24 12:47:28.260,0.00,-0.01,0.00,-0.07,-0.01,-0.02,,-4.60,-0.02,9.11,-0.01,-0.02,0.02
2025-02-24 12:47:28.293,0.01,-0.01,0.03,-0.06,-0.01,-0.02,,-4.77,-0.03,8.96,-0.02,-0.02,0.01
2025-02-24 12:47:28.326,0.04,0.00,0.03,-0.06,-0.01,-0.02,,-4.53,-0.02,8.97,-0.01,-0.02,0.02
2025-02-24 12:47:28.369,0.04,0.00,0.04,-0.06,-0.00,-0.02,,-4.73,-0.02,8.98,-0.01,-0.01,0.02
2025-02-24 12:47:28.400,0.03,0.00,0.03,-0.06,-0.00,-0.02,,-4.66,-0.00,9.04,-0.01,-0.02,0.01
2025-02-24 12:47:28.442,0.03,-0.00,0.02,-0.06,-0.00,-0.02,,-4.72,0.01,9.08,-0.02,-0.02,0.02
2025-02-24 12:47:28.478,0.03,0.00,0.01,-0.06,-0.00,-0.02,,-4.75,-0.01,9.01,-0.01,-0.02,0.01
2025-02-24 12:47:28.511,0.01,0.03,0.02,-0.06,-0.01,-0.02,,-4.68,0.01,9.02,-0.01,-0.02,0.01
2025-02-24 12:47:28.548,0.01,0.03,0.03,-0.06,-0.01,-0.02,,-4.76,-0.05,9.00,-0.02,-0.02,0.02
2025-02-24 12:47:28.578,0.00,0.01,0.01,-0.06,-0.01,-0.02,,-4.59,0.00,9.03,-0.02,-0.02,0.01
2025-02-24 12:47:28.621,0.00,0.01,0.03,-0.06,-0.00,-0.02,,-4.73,0.00,9.00,-0.02,-0.02,0.02
2025-02-24 12:47:28.649,0.02,0.03,0.01,-0.06,-0.01,-0.02,,-4.52,-0.03,9.09,-0.02,-0.02,0.02
2025-02-24 12:47:28.693,0.02,0.02,0.01,-0.06,-0.00,-0.02,,-4.71,-0.01,9.06,-0.02,-0.02,0.01
2025-02-24 12:47:28.728,0.01,0.02,-0.00,-0.06,-0.00,-0.02,,-4.61,-0.05,8.97,-0.02,-0.02,0.01
2025-02-24 12:47:28.763,0.01,0.02,0.02,-0.06,-0.00,-0.02,,-4.61,-0.00,8.98,-0.01,-0.02,0.02
2025-02-24 12:47:28.794,0.00,0.02,0.04,-0.06,-0.00,-0.02,,-4.61,-0.03,9.04,-0.02,-0.02,0.01
2025-02-24 12:47:28.828,0.00,0.02,0.03,-0.06,-0.00,-0.02,,-4.64,-0.00,8.99,-0.01,-0.01,0.01
2025-02-24 12:47:28.872,0.03,0.02,0.02,-0.06,-0.00,-0.02,,-4.67,-0.02,8.97,-0.01,-0.02,0.02
2025-02-24 12:47:28.909,0.03,0.02,0.04,-0.06,-0.00,-0.02,,-4.57,0.08,8.99,-0.01,-0.02,0.02
2025-02-24 12:47:28.943,0.01,0.01,0.01,-0.06,-0.00,-0.02,,-4.79,-0.04,8.89,-0.02,-0.02,0.02
2025-02-24 12:47:28.977,0.03,0.00,0.01,-0.06,-0.00,-0.02,,-4.59,0.04,8.99,-0.02,-0.02,0.01
2025-02-24 12:47:29.015,0.03,0.00,0.05,-0.06,-0.00,-0.02,,-4.70,-0.06,9.00,-0.01,-0.02,0.02
2025-02-24 12:47:29.046,0.01,0.00,0.04,-0.06,-0.00,-0.02,,-4.60,-0.01,9.00,-0.01,-0.02,0.02
2025-02-24 12:47:29.076,0.02,0.02,0.02,-0.06,-0.00,-0.02,,-4.78,-0.04,9.08,-0.02,-0.02,0.01
2025-02-24 12:47:29.123,0.00,0.01,0.00,-0.06,-0.00,-0.02,,-4.68,-0.00,9.04,-0.02,-0.02,0.02
2025-02-24 12:47:29.160,0.01,-0.01,0.03,-0.06,-0.00,-0.02,,-4.61,0.00,9.04,-0.02,-0.01,0.02
2025-02-24 12:47:29.193,0.02,0.00,0.02,-0.06,-0.00,-0.02,,-4.66,0.00,8.99,-0.01,-0.01,0.02
2025-02-24 12:47:29.227,0.03,-0.01,0.02,-0.06,-0.00,-0.02,,-4.58,-0.01,9.05,-0.01,-0.02,0.02
2025-02-24 12:47:29.260,0.04,-0.01,0.01,-0.06,-0.01,-0.02,,-4.76,-0.05,8.99,-0.01,-0.02,0.01
2025-02-24 12:47:29.298,0.03,-0.00,0.01,-0.06,-0.00,-0.02,,-4.60,-0.02,9.02,-0.01,-0.02,0.02
2025-02-24 12:47:29.341,0.02,-0.01,0.05,-0.06,-0.00,-0.02,,-4.76,-0.04,8.89,-0.01,-0.02,0.02
2025-02-24 12:47:29.376,0.02,0.01,0.03,-0.06,-0.00,-0.02,,-4.66,0.01,9.00,-0.02,-0.02,0.02
2025-02-24 12:47:29.412,0.02,0.01,0.04,-0.06,-0.00,-0.02,,-4.73,-0.05,8.99,-0.01,-0.02,0.02
2025-02-24 12:47:29.445,0.01,0.02,0.05,-0.06,-0.00,-0.02,,-4.65,-0.01,9.07,-0.02,-0.02,0.02
2025-02-24 12:47:29.478,0.03,0.01,0.00,-0.06,-0.00,-0.02,,-4.69,-0.01,9.01,-0.02,-0.02,0.01
2025-02-24 12:47:29.517,0.03,0.01,0.02,-0.06,-0.01,-0.02,,-4.65,-0.00,8.98,-0.02,-0.01,0.02
2025-02-24 12:47:29.545,0.02,0.01,0.05,-0.06,-0.00,-0.02,,-4.60,-0.06,9.02,-0.02,-0.02,0.01
2025-02-24 12:47:29.591,0.02,0.03,0.06,-0.06,-0.01,-0.02,,-4.70,-0.01,9.04,-0.01,-0.02,0.01
2025-02-24 12:47:29.628,0.01,0.00,0.03,-0.06,-0.01,-0.02,,-4.53,0.02,8.99,-0.01,-0.02,0.02
2025-02-24 12:47:29.660,0.02,0.02,0.03,-0.07,-0.01,-0.02,,-4.69,-0.06,8.94,-0.02,-0.02,0.01
2025-02-24 12:47:29.696,0.03,0.04,0.03,-0.06,-0.01,-0.02,,-4.61,0.00,9.07,-0.02,-0.02,0.02
2025-02-24 12:47:29.729,0.01,0.01,0.03,-0.07,-0.01,-0.02,,-4.65,0.02,9.00,-0.01,-0.02,0.01
2025-02-24 12:47:29.763,0.01,0.01,0.03,-0.06,-0.00,-0.02,,-4.63,-0.02,8.98,-0.01,-0.01,0.01
2025-02-24 12:47:29.794,0.01,0.03,0.05,-0.06,-0.00,-0.02,,-4.64,0.02,9.03,-0.01,-0.02,0.01
2025-02-24 12:47:29.841,0.02,0.01,0.03,-0.06,-0.01,-0.02,,-4.61,-0.03,9.01,-0.01,-0.02,0.02
2025-02-24 12:47:29.878,0.02,0.01,0.03,-0.06,-0.01,-0.02,,-4.59,-0.06,8.92,-0.02,-0.01,0.01
2025-02-24 12:47:29.911,0.00,0.02,0.00,-0.06,-0.00,-0.02,,-4.68,-0.07,9.02,-0.02,-0.02,0.02
2025-02-24 12:47:29.945,0.00,0.01,0.01,-0.06,-0.01,-0.02,,-4.63,-0.07,9.05,-0.02,-0.01,0.01
2025-02-24 12:47:29.978,0.03,0.02,0.04,-0.06,-0.01,-0.02,,-4.67,-0.01,8.94,-0.01,-0.01,0.01
2025-02-24 12:47:30.013,0.01,0.01,0.02,-0.06,-0.00,-0.02,,-4.58,-0.03,8.99,-0.02,-0.01,0.02
2025-02-24 12:47:30.045,0.02,0.00,0.04,-0.06,-0.01,-0.02,,-4.72,0.01,8.98,-0.01,-0.02,0.01
2025-02-24 12:47:30.093,-0.00,0.00,0.02,-0.06,-0.01,-0.02,,-4.64,-0.07,9.00,-0.02,-0.02,0.01
2025-02-24 12:47:30.128,0.01,0.02,0.01,-0.06,-0.00,-0.02,,-4.61,0.02,8.98,-0.02,-0.02,0.02
2025-02-24 12:47:30.161,0.03,0.01,0.04,-0.06,-0.01,-0.02,,-4.65,-0.02,9.00,-0.01,-0.02,0.02
2025-02-24 12:47:30.195,0.03,0.01,0.03,-0.06,-0.00,-0.02,,-4.61,0.03,8.90,-0.02,-0.02,0.02
2025-02-24 12:47:30.227,0.00,0.03,0.06,-0.06,-0.00,-0.02,,-4.68,-0.04,8.93,-0.02,-0.02,0.02
2025-02-24 12:47:30.270,0.00,0.02,0.03,-0.06,-0.00,-0.02,,-4.56,0.03,9.05,-0.01,-0.01,0.01
2025-02-24 12:47:30.295,0.01,0.02,0.05,-0.06,-0.01,-0.02,,-4.71,0.02,8.96,-0.01,-0.02,0.02
2025-02-24 12:47:30.343,0.01,0.02,0.04,-0.06,-0.00,-0.02,,-4.62,-0.07,8.93,-0.02,-0.02,0.01
2025-02-24 12:47:30.377,0.00,-0.00,0.03,-0.06,-0.00,-0.02,,-4.69,0.00,8.95,-0.01,-0.02,0.02
2025-02-24 12:47:30.410,0.02,0.01,0.02,-0.06,-0.00,-0.02,,-4.66,0.00,8.92,-0.01,-0.02,0.01
2025-02-24 12:47:30.443,0.03,0.01,0.02,-0.06,-0.00,-0.02,,-4.67,0.00,8.99,-0.02,-0.02,0.01
2025-02-24 12:47:30.485,0.03,0.01,0.05,-0.06,-0.00,-0.02,,-4.73,-0.02,8.96,-0.02,-0.02,0.01
2025-02-24 12:47:30.517,0.02,0.03,0.01,-0.06,-0.00,-0.02,,-4.65,-0.03,8.97,-0.01,-0.02,0.01
2025-02-24 12:47:30.557,0.01,0.02,0.02,-0.06,-0.00,-0.02,,-4.68,-0.00,8.98,-0.02,-0.02,0.02
2025-02-24 12:47:30.593,0.01,0.03,0.03,-0.06,-0.00,-0.02,,-4.50,0.12,9.00,-0.02,-0.02,0.02
2025-02-24 12:47:30.626,0.02,0.03,0.04,-0.06,-0.00,-0.02,,-4.77,-0.04,9.06,-0.01,-0.02,0.01
2025-02-24 12:47:30.661,0.02,0.01,0.01,-0.06,-0.00,-0.02,,-4.59,0.02,8.96,-0.01,-0.02,0.02
2025-02-24 12:47:30.694,0.02,0.01,0.03,-0.06,-0.00,-0.02,,-4.68,0.02,8.98,-0.01,-0.02,0.02
2025-02-24 12:47:30.728,0.02,0.01,0.02,-0.06,-0.00,-0.02,,-4.67,0.01,8.98,-0.01,-0.01,0.02
2025-02-24 12:47:30.771,0.01,-0.00,0.04,-0.06,-0.00,-0.02,,-4.75,-0.02,9.02,-0.01,-0.02,0.02
2025-02-24 12:47:30.794,0.01,0.00,0.04,-0.05,-0.00,-0.02,,-4.71,-0.01,8.93,-0.02,-0.02,0.02
2025-02-24 12:47:30.843,0.03,-0.01,0.02,-0.06,-0.00,-0.02,,-4.64,-0.01,9.00,-0.02,-0.02,0.01
2025-02-24 12:47:30.877,0.01,-0.00,0.02,-0.06,-0.00,-0.02,,-4.72,-0.07,8.99,-0.02,-0.02,0.01
2025-02-24 12:47:30.911,0.02,0.01,0.01,-0.06,-0.00,-0.02,,-4.60,0.00,9.05,-0.02,-0.02,0.01
2025-02-24 12:47:30.945,0.02,0.01,0.03,-0.06,-0.00,-0.02,,-4.71,-0.01,8.93,-0.02,-0.02,0.01
2025-02-24 12:47:30.978,0.03,0.02,0.02,-0.06,-0.01,-0.02,,-4.58,-0.05,8.93,-0.02,-0.02,0.02
2025-02-24 12:47:31.020,0.03,0.02,0.00,-0.06,-0.00,-0.02,,-4.71,-0.02,8.97,-0.01,-0.02,0.01
2025-02-24 12:47:31.058,0.02,0.04,0.02,-0.07,-0.01,-0.02,,-4.63,-0.03,9.11,-0.02,-0.02,0.02
2025-02-24 12:47:31.094,0.04,0.04,0.04,-0.06,-0.00,-0.02,,-4.65,0.01,9.05,-0.02,-0.02,0.02
2025-02-24 12:47:31.127,0.01,0.02,0.01,-0.07,-0.01,-0.02,,-4.67,-0.01,9.05,-0.02,-0.02,0.02
2025-02-24 12:47:31.160,0.03,0.01,0.02,-0.07,-0.01,-0.02,,-4.56,0.01,9.03,-0.02,-0.02,0.02
2025-02-24 12:47:31.193,0.02,0.01,0.02,-0.07,-0.01,-0.02,,-4.63,-0.09,9.00,-0.01,-0.01,0.01
2025-02-24 12:47:31.227,0.04,0.01,0.03,-0.07,-0.01,-0.02,,-4.54,0.06,9.08,-0.02,-0.02,0.01
2025-02-24 12:47:31.270,0.02,0.00,0.03,-0.07,-0.01,-0.02,,-4.70,-0.09,8.99,-0.02,-0.02,0.01
2025-02-24 12:47:31.309,0.01,-0.01,0.01,-0.06,-0.01,-0.02,,-4.65,0.00,8.94,-0.02,-0.02,0.02
2025-02-24 12:47:31.345,0.03,0.01,-0.01,-0.07,-0.01,-0.02,,-4.70,-0.00,8.96,-0.02,-0.02,0.02
2025-02-24 12:47:31.376,0.03,0.01,-0.00,-0.06,-0.01,-0.02,,-4.60,-0.06,9.00,-0.02,-0.01,0.01
2025-02-24 12:47:31.412,0.03,0.01,0.00,-0.06,-0.01,-0.02,,-4.68,-0.01,9.00,-0.02,-0.02,0.01
2025-02-24 12:47:31.443,0.01,0.00,0.02,-0.06,-0.01,-0.02,,-4.68,-0.03,9.02,-0.01,-0.02,0.02
2025-02-24 12:47:31.476,0.02,0.01,0.01,-0.06,-0.01,-0.02,,-4.68,0.02,8.91,-0.01,-0.02,0.01
2025-02-24 12:47:31.525,0.02,-0.00,0.03,-0.06,-0.00,-0.02,,-4.73,-0.02,8.96,-0.02,-0.02,0.02
2025-02-24 12:47:31.559,0.00,0.02,0.05,-0.06,-0.00,-0.02,,-4.63,0.02,9.04,-0.01,-0.02,0.01
2025-02-24 12:47:31.594,0.02,0.04,0.07,-0.06,-0.00,-0.02,,-4.73,-0.06,8.98,-0.02,-0.02,0.01
2025-02-24 12:47:31.626,0.02,0.01,0.03,-0.06,-0.00,-0.02,,-4.68,-0.06,8.95,-0.02,-0.01,0.02
2025-02-24 12:47:31.665,0.02,0.01,0.05,-0.06,-0.00,-0.02,,-4.71,-0.05,8.97,-0.02,-0.02,0.02
2025-02-24 12:47:31.694,0.03,0.00,0.01,-0.06,-0.01,-0.02,,-4.64,-0.05,8.97,-0.01,-0.02,0.01
2025-02-24 12:47:31.732,0.02,0.02,0.04,-0.06,-0.01,-0.02,,-4.66,-0.02,8.94,-0.02,-0.02,0.02
2025-02-24 12:47:31.776,0.01,0.02,0.02,-0.06,-0.01,-0.02,,-4.62,-0.04,8.98,-0.02,-0.01,0.02
2025-02-24 12:47:31.812,0.01,0.00,0.04,-0.06,-0.01,-0.02,,-4.65,0.02,9.03,-0.02,-0.02,0.02
2025-02-24 12:47:31.848,0.01,0.01,0.02,-0.06,-0.00,-0.02,,-4.77,-0.07,8.93,-0.02,-0.02,0.02
2025-02-24 12:47:31.883,0.01,0.01,0.04,-0.06,-0.01,-0.02,,-4.63,0.08,9.05,-0.01,-0.02,0.02
2025-02-24 12:47:31.920,0.00,-0.01,0.02,-0.06,-0.01,-0.02,,-4.74,-0.04,8.99,-0.02,-0.02,0.01
2025-02-24 12:47:31.944,0.02,0.02,0.01,-0.06,-0.01,-0.02,,-4.57,-0.02,9.04,-0.02,-0.02,0.01
2025-02-24 12:47:31.992,0.03,0.00,0.02,-0.06,-0.00,-0.02,,-4.66,-0.01,9.00,-0.02,-0.02,0.01
2025-02-24 12:47:32.027,0.00,0.00,0.04,-0.06,-0.00,-0.02,,-4.67,0.03,8.91,-0.01,-0.02,0.02
2025-02-24 12:47:32.059,0.01,0.01,0.02,-0.06,-0.00,-0.02,,-4.65,0.06,9.00,-0.02,-0.02,0.02
2025-02-24 12:47:32.092,0.01,0.01,0.04,-0.06,-0.00,-0.02,,-4.65,-0.06,9.00,-0.02,-0.02,0.02
2025-02-24 12:47:32.126,0.02,0.02,0.04,-0.06,-0.00,-0.02,,-4.63,0.09,9.01,-0.01,-0.02,0.01
2025-02-24 12:47:32.169,0.03,0.01,0.02,-0.06,-0.00,-0.02,,-4.70,-0.02,9.03,-0.01,-0.02,0.01
2025-02-24 12:47:32.194,0.02,0.01,0.04,-0.06,-0.00,-0.02,,-4.61,0.02,9.00,-0.01,-0.02,0.02
2025-02-24 12:47:32.242,0.01,0.00,0.04,-0.06,-0.00,-0.02,,-4.75,-0.04,9.07,-0.02,-0.02,0.02
2025-02-24 12:47:32.277,0.03,0.01,0.04,-0.06,-0.00,-0.02,,-4.58,0.02,9.06,-0.02,-0.02,0.02
2025-02-24 12:47:32.313,0.02,-0.00,0.04,-0.06,-0.00,-0.02,,-4.73,-0.06,9.00,-0.01,-0.01,0.01
2025-02-24 12:47:32.342,0.02,0.02,0.04,-0.06,-0.00,-0.02,,-4.63,-0.01,9.03,-0.02,-0.02,0.01
2025-02-24 12:47:32.376,0.02,0.02,0.07,-0.06,-0.00,-0.02,,-4.60,0.01,9.01,-0.01,-0.02,0.01
2025-02-24 12:47:32.419,0.00,0.01,0.03,-0.06,-0.01,-0.02,,-4.70,-0.03,8.97,-0.01,-0.02,0.02
2025-02-24 12:47:32.451,0.02,0.00,0.02,-0.06,-0.01,-0.02,,-4.55,-0.01,9.04,-0.02,-0.02,0.02
2025-02-24 12:47:32.493,0.01,0.01,0.01,-0.06,-0.01,-0.02,,-4.69,-0.08,8.92,-0.01,-0.02,0.01
2025-02-24 12:47:32.527,0.01,0.00,0.01,-0.06,-0.01,-0.02,,-4.58,-0.00,9.00,-0.02,-0.01,0.02
2025-02-24 12:47:32.561,0.01,-0.00,0.01,-0.06,-0.00,-0.02,,-4.75,-0.02,8.94,-0.02,-0.02,0.02
2025-02-24 12:47:32.595,0.01,0.01,0.02,-0.06,-0.00,-0.02,,-4.60,-0.04,9.01,-0.02,-0.02,0.01
2025-02-24 12:47:32.628,0.02,0.01,0.00,-0.06,-0.01,-0.02,,-4.69,-0.05,9.03,-0.02,-0.02,0.02
2025-02-24 12:47:32.673,0.02,0.02,0.01,-0.06,-0.00,-0.02,,-4.70,-0.04,8.93,-0.02,-0.02,0.01
2025-02-24 12:47:32.708,0.04,0.01,0.03,-0.06,-0.01,-0.02,,-4.70,-0.03,9.02,-0.02,-0.02,0.01
2025-02-24 12:47:32.742,0.03,0.02,-0.00,-0.06,-0.00,-0.02,,-4.70,-0.05,8.99,-0.02,-0.02,0.01
2025-02-24 12:47:32.775,0.02,0.02,0.02,-0.06,-0.00,-0.02,,-4.65,-0.01,8.99,-0.02,-0.02,0.01
2025-02-24 12:47:32.809,0.02,0.02,0.00,-0.06,-0.00,-0.02,,-4.69,-0.01,9.05,-0.02,-0.02,0.02
2025-02-24 12:47:32.849,0.02,0.00,0.03,-0.06,-0.00,-0.02,,-4.62,0.05,8.98,-0.02,-0.02,0.01
2025-02-24 12:47:32.877,0.02,0.01,0.02,-0.06,-0.00,-0.02,,-4.71,-0.03,8.98,-0.02,-0.02,0.02
2025-02-24 12:47:32.919,0.00,0.01,0.01,-0.06,-0.01,-0.02,,-4.58,0.03,9.05,-0.01,-0.02,0.02
2025-02-24 12:47:32.959,0.01,0.00,-0.01,-0.06,-0.00,-0.02,,-4.70,-0.03,9.05,-0.02,-0.02,0.02
2025-02-24 12:47:32.995,0.00,0.01,0.05,-0.06,-0.00,-0.02,,-4.64,-0.06,9.03,-0.01,-0.01,0.01
2025-02-24 12:47:33.028,0.00,0.02,0.04,-0.06,-0.00,-0.02,,-4.65,0.01,9.08,-0.02,-0.02,0.01
2025-02-24 12:47:33.060,0.01,0.00,0.01,-0.06,-0.00,-0.02,,-4.63,-0.01,8.94,-0.02,-0.02,0.01
2025-02-24 12:47:33.093,0.01,0.01,0.04,-0.06,-0.00,-0.02,,-4.60,0.03,9.05,-0.02,-0.02,0.02
2025-02-24 12:47:33.131,0.00,0.00,0.03,-0.06,-0.00,-0.02,,-4.69,-0.06,9.08,-0.01,-0.02,0.02
2025-02-24 12:47:33.169,0.01,0.02,0.02,-0.06,-0.01,-0.02,,-4.52,0.01,9.05,-0.02,-0.02,0.01
2025-02-24 12:47:33.210,0.01,0.00,0.03,-0.06,-0.00,-0.02,,-4.69,-0.09,8.98,-0.01,-0.02,0.02
2025-02-24 12:47:33.245,0.00,0.01,0.05,-0.06,-0.01,-0.02,,-4.61,0.02,9.03,-0.02,-0.02,0.02
2025-02-24 12:47:33.276,0.01,0.01,0.03,-0.06,-0.01,-0.02,,-4.68,0.00,9.08,-0.02,-0.02,0.01
2025-02-24 12:47:33.309,0.02,0.01,0.00,-0.06,-0.00,-0.02,,-4.68,-0.08,9.00,-0.01,-0.02,0.01
2025-02-24 12:47:33.343,0.03,-0.01,0.01,-0.06,-0.00,-0.02,,-4.59,0.00,9.03,-0.01,-0.02,0.02
2025-02-24 12:47:33.377,0.01,0.02,0.01,-0.06,-0.00,-0.02,,-4.70,-0.05,9.00,-0.02,-0.02,0.02
2025-02-24 12:47:33.419,0.00,0.00,0.03,-0.06,-0.01,-0.02,,-4.57,0.03,9.02,-0.02,-0.02,0.02
2025-02-24 12:47:33.460,0.04,0.02,-0.00,-0.06,-0.00,-0.02,,-4.78,-0.03,8.98,-0.01,-0.02,0.02
2025-02-24 12:47:33.494,0.04,0.02,0.02,-0.06,-0.00,-0.02,,-4.55,0.05,9.05,-0.02,-0.02,0.02
2025-02-24 12:47:33.527,0.02,0.02,0.00,-0.06,-0.00,-0.02,,-4.75,-0.04,9.00,-0.02,-0.02,0.01
2025-02-24 12:47:33.560,0.02,0.03,0.01,-0.06,-0.01,-0.02,,-4.64,-0.01,9.00,-0.02,-0.02,0.02
2025-02-24 12:47:33.594,0.03,0.03,0.02,-0.06,-0.01,-0.02,,-4.71,-0.01,9.02,-0.02,-0.02,0.01
2025-02-24 12:47:33.627,0.02,0.03,0.04,-0.06,-0.00,-0.02,,-4.70,-0.05,9.01,-0.02,-0.02,0.02
2025-02-24 12:47:33.676,0.03,0.00,0.03,-0.06,-0.01,-0.02,,-4.69,-0.02,8.94,-0.01,-0.02,0.01
2025-02-24 12:47:33.712,0.01,0.00,0.02,-0.06,-0.01,-0.02,,-4.62,-0.02,8.97,-0.01,-0.02,0.02
2025-02-24 12:47:33.745,0.01,0.00,0.03,-0.06,-0.01,-0.02,,-4.63,-0.03,8.97,-0.02,-0.02,0.02
2025-02-24 12:47:33.776,0.00,0.02,0.02,-0.06,-0.01,-0.02,,-4.73,0.04,8.98,-0.02,-0.02,0.02
